Id,Time,Machine,Component,Parameter,Value,Temp K,Temp C
48,2022-06-03T08:09:29Z,Excavator_1,Engine,Temparature,104,300.36,27.36
5,2022-05-12T02:05:42Z,Articulated_Truck_1,Fuel,Water in Fuel,70,305.72,32.72
24,2022-05-27T06:25:04Z,Articulated_Truck_1,Engine,Temparature,104,304.1,31.1
23,2022-05-12T20:36:47Z,Backhoe_Loader_1,Drive,Transmission Pressure,231,297.59,24.59
42,2022-06-28T04:06:30Z,Excavator_1,Engine,Oil Pressure,39,302.73,29.73
44,2022-06-15T17:30:33Z,Dozer_1,Fuel,Temparature,215,298.84,25.84
37,2022-06-25T15:39:58Z,Backhoe_Loader_1,Fuel,Temparature,202,297.65,24.65
1,2022-06-28T01:17:39Z,Articulated_Truck_1,Drive,Brake Control,2,309.42,36.42
39,2022-05-13T03:23:02Z,Excavator_1,Drive,Pedal Sensor,4.53,306.78,33.78
26,2022-06-09T02:21:39Z,Articulated_Truck_1,Drive,Pedal Sensor,3.9,310.24,37.24
2,2022-06-01T21:02:41Z,Articulated_Truck_1,Misc,Exhaust Gas Temparature,190,301.81,28.81
34,2022-05-06T19:46:07Z,Excavator_1,Misc,Exhaust Gas Temparature,195,293.26,20.26
47,2022-05-30T09:02:29Z,Articulated_Truck_1,Drive,Brake Control,2,299.28,26.28
44,2022-06-07T20:54:38Z,Backhoe_Loader_1,Drive,Pedal Sensor,3.06,302.43,29.43
32,2022-06-16T19:53:48Z,Excavator_1,Misc,Air Filter Pressure,34,300.46,27.46
25,2022-05-09T10:36:00Z,Excavator_1,Misc,System Voltage,12.41,298.69,25.69
22,2022-05-08T10:33:05Z,Dozer_1,Misc,Exhaust Gas Temparature,332,298.85,25.85
9,2022-05-10T09:05:26Z,Dozer_1,Fuel,Water in Fuel,1315,300.71,27.71
6,2022-05-26T15:48:32Z,Backhoe_Loader_1,Engine,Oil Pressure,51,288.53,15.53
20,2022-05-08T17:09:11Z,Articulated_Truck_1,Engine,Oil Pressure,55,296.16,23.16
47,2022-06-08T00:46:47Z,Backhoe_Loader_1,Misc,Hydraulic Pump Rate,91,309.62,36.62
12,2022-06-13T09:02:11Z,Articulated_Truck_1,Engine,Speed,1345,303.96,30.96
4,2022-06-07T03:43:41Z,Excavator_1,Drive,Transmission Pressure,263,311.45,38.45
42,2022-06-27T03:29:55Z,Excavator_1,Misc,Exhaust Gas Temparature,312,310.78,37.78
5,2022-06-23T11:02:43Z,Articulated_Truck_1,Engine,Speed,1750,302.47,29.47
45,2022-05-11T13:16:32Z,Excavator_1,Engine,Speed,1779,296.45,23.45
33,2022-05-20T02:50:20Z,Backhoe_Loader_1,Drive,Pedal Sensor,4.76,308.87,35.87
14,2022-05-12T15:06:55Z,Backhoe_Loader_1,Fuel,Level,6,294.64,21.64
25,2022-06-25T11:08:14Z,Backhoe_Loader_1,Drive,Transmission Pressure,262,301.38,28.38
2,2022-06-08T20:46:11Z,Excavator_1,Misc,Exhaust Gas Temparature,304,301.47,28.47
7,2022-06-03T19:01:05Z,Articulated_Truck_1,Drive,Pedal Sensor,3.9,296.47,23.47
43,2022-05-22T11:05:17Z,Articulated_Truck_1,Engine,Speed,1590,293.58,20.58
3,2022-06-12T06:40:10Z,Backhoe_Loader_1,Engine,Oil Pressure,30,308.59,35.59
3,2022-06-06T06:35:59Z,Backhoe_Loader_1,Drive,Pedal Sensor,4.83,305.65,32.65
47,2022-05-28T20:46:27Z,Articulated_Truck_1,Misc,Hydraulic Pump Rate,109,299.71,26.71
13,2022-05-11T03:11:53Z,Excavator_1,Drive,Transmission Pressure,403,305.4,32.4
1,2022-05-07T09:44:50Z,Dozer_1,Engine,Speed,1580,300.61,27.61
34,2022-06-27T04:19:39Z,Excavator_1,Drive,Transmission Pressure,203,310.56,37.56
28,2022-05-09T15:57:35Z,Excavator_1,Fuel,Pressure,44,297.08,24.08
7,2022-05-02T15:33:29Z,Articulated_Truck_1,Fuel,Temparature,0,295.58,22.58
22,2022-05-28T05:24:46Z,Dozer_1,Engine,Oil Pressure,48,306.35,33.35
34,2022-06-10T23:04:57Z,Backhoe_Loader_1,Engine,Speed,1434,307.94,34.94
44,2022-05-20T08:34:29Z,Articulated_Truck_1,Drive,Pedal Sensor,4.6,300.07,27.07
45,2022-05-17T04:51:58Z,Dozer_1,Misc,System Voltage,12.25,307.09,34.09
19,2022-06-04T13:31:15Z,Dozer_1,Engine,Speed,1665,296.21,23.21
30,2022-06-11T21:31:15Z,Backhoe_Loader_1,Misc,Exhaust Gas Temparature,198,306.46,33.46
31,2022-06-13T13:46:42Z,Excavator_1,Engine,Oil Pressure,29,298.4,25.4
17,2022-06-17T05:25:02Z,Articulated_Truck_1,Drive,Brake Control,2,309.25,36.25
20,2022-05-26T06:06:30Z,Dozer_1,Drive,Brake Control,10,298.06,25.06
22,2022-05-09T02:05:21Z,Backhoe_Loader_1,Drive,Pedal Sensor,3.14,308.61,35.61
34,2022-05-13T20:51:45Z,Dozer_1,Drive,Transmission Pressure,249,299.71,26.71
31,2022-06-14T21:59:05Z,Excavator_1,Fuel,Water in Fuel,413,305.06,32.06
21,2022-06-03T01:26:34Z,Backhoe_Loader_1,Fuel,Water in Fuel,1300,304.38,31.38
27,2022-05-09T05:13:41Z,Dozer_1,Drive,Brake Control,1,306.13,33.13
26,2022-06-07T19:41:35Z,Excavator_1,Engine,Temparature,93,299.45,26.45
6,2022-05-27T23:46:46Z,Dozer_1,Drive,Transmission Pressure,222,306.47,33.47
42,2022-06-17T22:02:34Z,Excavator_1,Fuel,Water in Fuel,1047,305.45,32.45
29,2022-06-27T20:22:38Z,Dozer_1,Fuel,Water in Fuel,371,303.61,30.61
38,2022-05-18T18:36:54Z,Dozer_1,Engine,Speed,1724,295.12,22.12
31,2022-05-05T23:19:11Z,Backhoe_Loader_1,Drive,Pedal Sensor,4.56,301.74,28.74
21,2022-06-27T13:06:53Z,Excavator_1,Drive,Transmission Pressure,374,300.51,27.51
7,2022-06-27T21:18:03Z,Backhoe_Loader_1,Fuel,Temparature,225,304.66,31.66
32,2022-05-28T10:16:16Z,Articulated_Truck_1,Misc,Air Filter Pressure,35,298.68,25.68
17,2022-06-27T23:49:20Z,Backhoe_Loader_1,Fuel,Water in Fuel,1230,308.2,35.2
19,2022-05-21T12:46:28Z,Excavator_1,Misc,Hydraulic Pump Rate,96,297.9,24.9
40,2022-05-12T04:55:54Z,Articulated_Truck_1,Misc,Air Filter Pressure,36,304.63,31.63
39,2022-06-04T02:56:03Z,Dozer_1,Fuel,Water in Fuel,348,305.16,32.16
17,2022-05-09T05:29:27Z,Backhoe_Loader_1,Drive,Brake Control,2,305.63,32.63
3,2022-05-07T16:15:39Z,Excavator_1,Engine,Oil Pressure,59,295.97,22.97
6,2022-06-28T13:49:14Z,Dozer_1,Engine,Oil Pressure,61,295.01,22.01
10,2022-05-09T09:14:01Z,Articulated_Truck_1,Engine,Speed,1800,299.4,26.4
23,2022-05-30T05:05:19Z,Excavator_1,Engine,Speed,1593,305.26,32.26
6,2022-05-06T05:00:42Z,Excavator_1,Drive,Transmission Pressure,255,296.79,23.79
33,2022-06-18T12:26:52Z,Articulated_Truck_1,Misc,System Voltage,15.1,299.94,26.94
48,2022-06-25T16:29:17Z,Dozer_1,Engine,Temparature,104,297.15,24.15
47,2022-05-24T05:15:47Z,Dozer_1,Drive,Brake Control,3,301.07,28.07
23,2022-06-26T09:05:19Z,Excavator_1,Fuel,Temparature,300,304.15,31.15
4,2022-05-22T23:13:12Z,Excavator_1,Fuel,Pressure,43,296.37,23.37
35,2022-06-06T11:23:40Z,Articulated_Truck_1,Fuel,Water in Fuel,144,298.36,25.36
40,2022-05-12T07:55:15Z,Excavator_1,Engine,Temparature,75,300.65,27.65
15,2022-06-13T06:03:10Z,Dozer_1,Drive,Transmission Pressure,253,309.91,36.91
46,2022-05-03T22:05:15Z,Dozer_1,Misc,Exhaust Gas Temparature,291,299.66,26.66
45,2022-06-21T16:34:04Z,Backhoe_Loader_1,Misc,System Voltage,14.78,298.47,25.47
10,2022-05-27T15:05:19Z,Backhoe_Loader_1,Misc,Exhaust Gas Temparature,354,293.57,20.57
23,2022-06-25T08:31:34Z,Dozer_1,Drive,Transmission Pressure,450,305.44,32.44
31,2022-06-21T14:37:28Z,Articulated_Truck_1,Misc,Hydraulic Pump Rate,118,300.3,27.3
6,2022-06-03T18:21:34Z,Excavator_1,Fuel,Level,10,295.35,22.35
25,2022-06-14T01:45:54Z,Dozer_1,Drive,Transmission Pressure,435,311.03,38.03
28,2022-06-01T18:40:22Z,Dozer_1,Fuel,Pressure,54,298.37,25.37
36,2022-06-30T05:14:36Z,Backhoe_Loader_1,Drive,Brake Control,4,307.2,34.2
19,2022-05-16T16:26:30Z,Excavator_1,Drive,Brake Control,8,296.18,23.18
21,2022-06-06T19:04:15Z,Excavator_1,Engine,Speed,1712,298.35,25.35
44,2022-06-16T04:04:33Z,Excavator_1,Misc,Air Filter Pressure,31,307.06,34.06
20,2022-06-21T14:25:38Z,Dozer_1,Engine,Oil Pressure,54,300.33,27.33
43,2022-05-29T10:08:51Z,Articulated_Truck_1,Drive,Transmission Pressure,300,299.93,26.93
4,2022-05-16T08:00:59Z,Dozer_1,Engine,Temparature,89,301.83,28.83
42,2022-05-09T09:11:26Z,Dozer_1,Fuel,Water in Fuel,1179,299.42,26.42
45,2022-06-26T05:57:26Z,Articulated_Truck_1,Drive,Transmission Pressure,369,308.06,35.06
19,2022-06-20T13:46:58Z,Articulated_Truck_1,Engine,Speed,1650,299.32,26.32
8,2022-05-05T11:01:26Z,Dozer_1,Misc,Air Filter Pressure,21,295.78,22.78
24,2022-05-04T04:55:48Z,Excavator_1,Fuel,Pressure,37,303.26,30.26
40,2022-06-09T16:33:46Z,Backhoe_Loader_1,Engine,Temparature,93,297.02,24.02
36,2022-05-15T14:06:56Z,Dozer_1,Misc,Air Filter Pressure,26,295.44,22.44
23,2022-06-09T23:05:39Z,Articulated_Truck_1,Drive,Transmission Pressure,321,307.36,34.36
50,2022-06-06T13:37:24Z,Dozer_1,Misc,Exhaust Gas Temparature,300,297.92,24.92
47,2022-06-14T04:29:38Z,Dozer_1,Misc,Hydraulic Pump Rate,119,309.25,36.25
10,2022-06-19T18:36:52Z,Excavator_1,Engine,Speed,1760,297.98,24.98
14,2022-06-20T09:17:11Z,Articulated_Truck_1,Fuel,Level,9,304.35,31.35
25,2022-05-02T17:27:26Z,Backhoe_Loader_1,Misc,System Voltage,14.35,293.99,20.99
45,2022-05-13T23:56:07Z,Excavator_1,Fuel,Pressure,37,304.34,31.34
22,2022-06-21T03:15:52Z,Articulated_Truck_1,Misc,Exhaust Gas Temparature,210,310.72,37.72
47,2022-06-03T00:49:50Z,Backhoe_Loader_1,Engine,Oil Pressure,26,304.8,31.8
28,2022-05-08T10:59:39Z,Backhoe_Loader_1,Drive,Brake Control,2,298.57,25.57
4,2022-06-05T00:21:58Z,Excavator_1,Misc,Air Filter Pressure,22,304.2,31.2
13,2022-06-10T15:00:35Z,Backhoe_Loader_1,Engine,Temparature,79,298.07,25.07
20,2022-06-14T12:34:19Z,Backhoe_Loader_1,Misc,Air Filter Pressure,23,299.59,26.59
16,2022-06-22T02:38:08Z,Backhoe_Loader_1,Engine,Speed,1744,310.29,37.29
29,2022-06-22T14:04:56Z,Articulated_Truck_1,Misc,System Voltage,13.3,298.77,25.77
23,2022-05-09T15:32:27Z,Backhoe_Loader_1,Engine,Speed,1422,297.08,24.08
21,2022-05-29T16:46:08Z,Articulated_Truck_1,Misc,System Voltage,14.7,296.41,23.41
31,2022-05-16T23:49:29Z,Backhoe_Loader_1,Fuel,Water in Fuel,393,306.67,33.67
50,2022-06-07T09:20:30Z,Backhoe_Loader_1,Misc,Exhaust Gas Temparature,199,300.54,27.54
24,2022-06-02T22:34:24Z,Dozer_1,Misc,Air Filter Pressure,20,302.02,29.02
13,2022-06-04T18:32:04Z,Dozer_1,Fuel,Water in Fuel,231,293.87,20.87
29,2022-05-14T13:38:51Z,Backhoe_Loader_1,Engine,Temparature,87,296.26,23.26
28,2022-06-07T12:07:56Z,Articulated_Truck_1,Misc,Air Filter Pressure,33,298.45,25.45
31,2022-05-24T09:35:36Z,Excavator_1,Misc,Hydraulic Pump Rate,102,297.36,24.36
49,2022-06-02T02:02:04Z,Excavator_1,Drive,Brake Control,7,304.16,31.16
19,2022-06-04T19:05:47Z,Excavator_1,Fuel,Temparature,295,295.7,22.7
24,2022-06-30T05:18:25Z,Backhoe_Loader_1,Misc,Air Filter Pressure,23,307.2,34.2
26,2022-06-06T02:45:28Z,Dozer_1,Engine,Temparature,89,309,36
45,2022-06-07T19:16:44Z,Backhoe_Loader_1,Engine,Speed,1398,298.66,25.66
32,2022-05-18T07:43:11Z,Backhoe_Loader_1,Drive,Transmission Pressure,377,301.87,28.87
9,2022-06-16T18:04:01Z,Articulated_Truck_1,Drive,Brake Control,3,297.35,24.35
48,2022-05-06T18:11:27Z,Articulated_Truck_1,Fuel,Temparature,0,290.18,17.18
31,2022-06-18T12:33:03Z,Dozer_1,Engine,Oil Pressure,50,299.93,26.93
27,2022-06-27T14:43:40Z,Articulated_Truck_1,Misc,Hydraulic Pump Rate,119,299.71,26.71
7,2022-06-19T05:59:36Z,Dozer_1,Misc,Hydraulic Pump Rate,119,307.38,34.38
14,2022-05-21T20:03:16Z,Articulated_Truck_1,Misc,Exhaust Gas Temparature,265,299.54,26.54
2,2022-06-01T06:08:22Z,Dozer_1,Drive,Transmission Pressure,337,305.04,32.04
29,2022-06-20T12:34:34Z,Backhoe_Loader_1,Fuel,Water in Fuel,1785,300.5,27.5
21,2022-06-12T05:42:56Z,Dozer_1,Engine,Speed,1398,309.98,36.98
14,2022-05-29T13:59:44Z,Dozer_1,Engine,Oil Pressure,50,296.07,23.07
24,2022-06-23T02:05:25Z,Dozer_1,Engine,Temparature,95,308.56,35.56
25,2022-05-18T23:31:09Z,Backhoe_Loader_1,Engine,Oil Pressure,55,304.57,31.57
5,2022-06-24T17:00:51Z,Dozer_1,Engine,Speed,1456,297,24
22,2022-06-03T22:35:39Z,Backhoe_Loader_1,Engine,Oil Pressure,39,301.08,28.08
15,2022-06-14T16:03:35Z,Articulated_Truck_1,Engine,Temparature,100,298.87,25.87
27,2022-06-09T15:48:46Z,Articulated_Truck_1,Fuel,Temparature,0,297.67,24.67
8,2022-05-18T16:12:39Z,Backhoe_Loader_1,Misc,Air Filter Pressure,27,295.25,22.25
46,2022-05-01T06:33:20Z,Backhoe_Loader_1,Misc,Exhaust Gas Temparature,297,300.14,27.14
9,2022-06-18T10:48:23Z,Articulated_Truck_1,Engine,Oil Pressure,64,301.64,28.64
12,2022-05-12T21:22:48Z,Excavator_1,Fuel,Pressure,35,299.56,26.56
14,2022-05-28T05:42:44Z,Dozer_1,Fuel,Level,6,306.15,33.15
18,2022-05-09T01:20:26Z,Dozer_1,Fuel,Level,3,307.91,34.91
41,2022-05-10T04:13:09Z,Dozer_1,Fuel,Level,5,306.23,33.23
5,2022-06-19T00:00:52Z,Backhoe_Loader_1,Fuel,Water in Fuel,125,308.18,35.18
43,2022-05-27T18:46:04Z,Dozer_1,Fuel,Level,2,295.12,22.12
29,2022-05-10T05:58:45Z,Backhoe_Loader_1,Drive,Brake Control,8,304.36,31.36
5,2022-05-29T00:32:05Z,Excavator_1,Drive,Pedal Sensor,3.73,306.57,33.57
21,2022-06-06T17:28:15Z,Backhoe_Loader_1,Drive,Transmission Pressure,404,297.28,24.28
46,2022-05-28T12:10:01Z,Dozer_1,Drive,Pedal Sensor,4.98,297.14,24.14
38,2022-06-03T14:43:07Z,Excavator_1,Misc,Exhaust Gas Temparature,348,296.25,23.25
23,2022-06-21T05:32:11Z,Backhoe_Loader_1,Misc,Hydraulic Pump Rate,96,308.77,35.77
1,2022-05-12T09:47:44Z,Articulated_Truck_1,Engine,Speed,1700,298.25,25.25
12,2022-05-14T09:28:28Z,Excavator_1,Drive,Pedal Sensor,4.54,299.31,26.31
3,2022-05-15T18:09:14Z,Dozer_1,Fuel,Temparature,298,294.29,21.29
40,2022-05-11T14:11:38Z,Excavator_1,Misc,Air Filter Pressure,20,295.98,22.98
40,2022-06-15T17:27:20Z,Backhoe_Loader_1,Misc,Air Filter Pressure,23,298.84,25.84
11,2022-05-06T16:01:26Z,Articulated_Truck_1,Misc,Hydraulic Pump Rate,110,288.7,15.7
5,2022-06-20T12:05:53Z,Excavator_1,Misc,System Voltage,13.76,300.99,27.99
16,2022-05-23T01:33:32Z,Articulated_Truck_1,Engine,Speed,1455,300.07,27.07
35,2022-05-03T17:36:01Z,Excavator_1,Misc,Hydraulic Pump Rate,120,296.44,23.44
28,2022-05-19T19:47:20Z,Excavator_1,Misc,Air Filter Pressure,35,297.48,24.48
46,2022-06-30T03:37:30Z,Dozer_1,Engine,Temparature,89,308.15,35.15
20,2022-05-25T02:23:13Z,Excavator_1,Fuel,Pressure,45,302.23,29.23
7,2022-05-28T23:52:38Z,Articulated_Truck_1,Engine,Temparature,80,305.8,32.8
45,2022-05-25T09:44:21Z,Backhoe_Loader_1,Fuel,Pressure,44,296.42,23.42
44,2022-05-05T09:52:26Z,Backhoe_Loader_1,Misc,Air Filter Pressure,29,297.69,24.69
20,2022-06-09T03:52:58Z,Articulated_Truck_1,Fuel,Pressure,62,307.8,34.8
3,2022-06-01T18:55:45Z,Articulated_Truck_1,Engine,Oil Pressure,60,298.59,25.59
7,2022-05-14T13:26:37Z,Excavator_1,Misc,Hydraulic Pump Rate,92,296.41,23.41
16,2022-05-17T20:48:22Z,Dozer_1,Misc,Air Filter Pressure,31,299.17,26.17
25,2022-06-17T23:54:14Z,Articulated_Truck_1,Misc,System Voltage,14.9,307.96,34.96
18,2022-05-16T21:44:23Z,Backhoe_Loader_1,Engine,Temparature,93,302.04,29.04
11,2022-05-06T20:00:16Z,Excavator_1,Drive,Transmission Pressure,443,294.94,21.94
15,2022-05-12T03:24:44Z,Dozer_1,Misc,Hydraulic Pump Rate,111,305.8,32.8
10,2022-05-27T18:48:48Z,Backhoe_Loader_1,Drive,Brake Control,9,295.14,22.14
18,2022-06-12T14:23:46Z,Dozer_1,Drive,Brake Control,2,298.71,25.71
50,2022-05-24T13:05:02Z,Dozer_1,Drive,Transmission Pressure,444,295.35,22.35
6,2022-06-29T02:58:38Z,Articulated_Truck_1,Drive,Transmission Pressure,375,304.49,31.49
19,2022-06-20T02:33:46Z,Backhoe_Loader_1,Engine,Speed,1666,310.91,37.91
19,2022-06-24T02:03:36Z,Articulated_Truck_1,Drive,Brake Control,4,310.48,37.48
17,2022-06-06T23:08:28Z,Dozer_1,Fuel,Water in Fuel,1210,307.68,34.68
30,2022-05-13T08:52:53Z,Dozer_1,Misc,Exhaust Gas Temparature,353,299.21,26.21
11,2022-06-28T19:18:20Z,Articulated_Truck_1,Fuel,Temparature,0,296.39,23.39
10,2022-06-24T09:38:45Z,Articulated_Truck_1,Fuel,Level,9,303.47,30.47
37,2022-06-23T05:33:32Z,Excavator_1,Engine,Temparature,92,308.19,35.19
50,2022-06-21T13:02:07Z,Dozer_1,Engine,Oil Pressure,64,301.41,28.41
20,2022-06-28T05:59:38Z,Backhoe_Loader_1,Drive,Brake Control,9,300.69,27.69
26,2022-05-02T04:59:29Z,Excavator_1,Misc,Exhaust Gas Temparature,345,301.75,28.75
48,2022-06-21T08:14:33Z,Backhoe_Loader_1,Fuel,Temparature,316,305.85,32.85
21,2022-05-25T08:41:35Z,Excavator_1,Fuel,Water in Fuel,263,299.38,26.38
17,2022-05-13T19:38:08Z,Backhoe_Loader_1,Engine,Oil Pressure,40,295.9,22.9
41,2022-06-06T13:10:26Z,Excavator_1,Fuel,Level,3,298.01,25.01
22,2022-06-25T20:18:23Z,Articulated_Truck_1,Engine,Oil Pressure,65,301.6,28.6
7,2022-05-09T12:13:56Z,Dozer_1,Drive,Pedal Sensor,3.63,298.38,25.38
1,2022-06-28T23:08:17Z,Dozer_1,Drive,Brake Control,7,302.24,29.24
40,2022-06-28T18:33:06Z,Excavator_1,Fuel,Level,6,295.9,22.9
43,2022-05-20T15:01:58Z,Excavator_1,Drive,Transmission Pressure,275,297.18,24.18
22,2022-05-02T07:48:17Z,Excavator_1,Misc,Exhaust Gas Temparature,240,299.58,26.58
18,2022-06-23T07:57:30Z,Excavator_1,Fuel,Level,6,305.04,32.04
16,2022-05-10T14:45:14Z,Backhoe_Loader_1,Misc,Air Filter Pressure,27,298.39,25.39
6,2022-05-04T21:10:32Z,Dozer_1,Misc,Exhaust Gas Temparature,368,298.2,25.2
25,2022-06-30T22:11:36Z,Articulated_Truck_1,Fuel,Water in Fuel,112,305.96,32.96
42,2022-06-30T03:23:08Z,Excavator_1,Drive,Pedal Sensor,4.77,308.11,35.11
36,2022-05-16T17:11:50Z,Dozer_1,Drive,Brake Control,10,295.75,22.75
15,2022-06-28T11:29:13Z,Backhoe_Loader_1,Engine,Temparature,93,294.71,21.71
46,2022-06-18T17:38:32Z,Dozer_1,Fuel,Water in Fuel,1031,296.38,23.38
11,2022-05-07T18:50:08Z,Backhoe_Loader_1,Drive,Transmission Pressure,385,296.58,23.58
3,2022-06-19T04:00:29Z,Articulated_Truck_1,Misc,Hydraulic Pump Rate,115,309.4,36.4
43,2022-05-07T01:46:19Z,Excavator_1,Fuel,Level,9,305.65,32.65
27,2022-06-22T07:08:06Z,Excavator_1,Engine,Speed,1683,305.9,32.9
35,2022-06-12T09:01:03Z,Dozer_1,Drive,Pedal Sensor,3.65,304.83,31.83
11,2022-06-26T04:18:32Z,Excavator_1,Fuel,Temparature,389,310.31,37.31
26,2022-06-18T19:57:25Z,Dozer_1,Misc,Exhaust Gas Temparature,228,301.16,28.16
20,2022-06-15T16:45:30Z,Articulated_Truck_1,Misc,Air Filter Pressure,29,298.94,25.94
18,2022-06-07T02:38:27Z,Articulated_Truck_1,Fuel,Level,7,311.27,38.27
47,2022-06-26T10:29:44Z,Backhoe_Loader_1,Drive,Brake Control,8,302.02,29.02
7,2022-05-22T15:47:34Z,Backhoe_Loader_1,Drive,Pedal Sensor,3.81,289.7,16.7
39,2022-05-09T08:23:43Z,Articulated_Truck_1,Engine,Oil Pressure,46,300.58,27.58
26,2022-05-29T05:21:41Z,Backhoe_Loader_1,Misc,Exhaust Gas Temparature,265,306.2,33.2
10,2022-06-06T17:21:56Z,Dozer_1,Engine,Speed,1581,297.3,24.3
31,2022-06-13T19:53:39Z,Articulated_Truck_1,Drive,Pedal Sensor,3.7,300.83,27.83
30,2022-06-24T15:39:38Z,Excavator_1,Drive,Transmission Pressure,274,297.95,24.95
15,2022-06-29T01:08:01Z,Articulated_Truck_1,Drive,Transmission Pressure,337,304.51,31.51
30,2022-06-04T22:21:26Z,Articulated_Truck_1,Fuel,Level,4,301.57,28.57
44,2022-05-01T15:13:41Z,Dozer_1,Drive,Pedal Sensor,4.24,294.57,21.57
6,2022-06-23T17:33:09Z,Backhoe_Loader_1,Drive,Transmission Pressure,376,297.11,24.11
7,2022-05-05T13:18:09Z,Excavator_1,Drive,Pedal Sensor,3.27,295.49,22.49
37,2022-06-15T00:53:57Z,Dozer_1,Engine,Temparature,89,308.95,35.95
44,2022-05-15T18:00:32Z,Articulated_Truck_1,Engine,Oil Pressure,44,294.17,21.17
20,2022-05-19T10:27:24Z,Excavator_1,Engine,Oil Pressure,58,298.33,25.33
14,2022-05-09T12:01:34Z,Backhoe_Loader_1,Misc,Exhaust Gas Temparature,364,298.38,25.38
21,2022-05-28T06:46:43Z,Dozer_1,Fuel,Water in Fuel,1491,304.23,31.23
29,2022-05-23T18:32:35Z,Dozer_1,Misc,System Voltage,13.42,292.35,19.35
9,2022-05-03T12:48:06Z,Dozer_1,Drive,Brake Control,5,296.85,23.85
14,2022-05-10T02:55:24Z,Excavator_1,Fuel,Level,4,307.22,34.22
11,2022-05-29T10:17:50Z,Dozer_1,Misc,Hydraulic Pump Rate,120,299.5,26.5
4,2022-06-25T22:35:06Z,Dozer_1,Misc,Air Filter Pressure,34,306.02,33.02
43,2022-06-02T08:59:33Z,Backhoe_Loader_1,Misc,Hydraulic Pump Rate,82,300.58,27.58
29,2022-06-14T19:10:37Z,Excavator_1,Drive,Brake Control,1,299.03,26.03
9,2022-05-20T11:47:05Z,Backhoe_Loader_1,Engine,Oil Pressure,49,297.74,24.74
16,2022-05-21T01:03:05Z,Articulated_Truck_1,Misc,Air Filter Pressure,27,306.69,33.69
19,2022-05-26T00:09:14Z,Dozer_1,Fuel,Temparature,377,298.08,25.08
24,2022-06-14T08:05:06Z,Articulated_Truck_1,Drive,Pedal Sensor,4.5,303.29,30.29
23,2022-06-18T19:07:58Z,Articulated_Truck_1,Misc,Hydraulic Pump Rate,123,298.82,25.82
44,2022-05-21T16:46:11Z,Excavator_1,Fuel,Temparature,260,297.13,24.13
27,2022-05-26T21:27:20Z,Articulated_Truck_1,Engine,Speed,1470,301.19,28.19
35,2022-05-27T13:21:34Z,Excavator_1,Engine,Temparature,79,294.68,21.68
21,2022-06-02T11:18:05Z,Articulated_Truck_1,Engine,Speed,1640,298.75,25.75
26,2022-06-16T14:33:51Z,Excavator_1,Fuel,Level,9,298.4,25.4
32,2022-05-11T06:13:36Z,Dozer_1,Engine,Speed,1558,302.77,29.77
21,2022-06-24T04:29:18Z,Backhoe_Loader_1,Misc,System Voltage,15.03,310.23,37.23
28,2022-05-18T19:01:02Z,Dozer_1,Engine,Oil Pressure,38,295.74,22.74
11,2022-06-10T14:57:19Z,Dozer_1,Fuel,Temparature,247,298.09,25.09
9,2022-05-26T20:01:50Z,Backhoe_Loader_1,Misc,System Voltage,13.52,297.43,24.43
30,2022-06-11T11:19:44Z,Backhoe_Loader_1,Drive,Transmission Pressure,256,301.67,28.67
45,2022-05-05T04:52:00Z,Articulated_Truck_1,Fuel,Pressure,44,301.73,28.73
39,2022-05-03T14:03:10Z,Excavator_1,Engine,Oil Pressure,41,296.64,23.64
5,2022-05-22T12:43:51Z,Backhoe_Loader_1,Misc,System Voltage,15,291.43,18.43
43,2022-06-20T17:33:12Z,Articulated_Truck_1,Fuel,Level,4,296.2,23.2
18,2022-06-29T22:26:12Z,Excavator_1,Misc,Exhaust Gas Temparature,213,305.64,32.64
25,2022-05-03T06:45:54Z,Dozer_1,Misc,System Voltage,15,299.06,26.06
33,2022-05-01T04:00:38Z,Dozer_1,Engine,Oil Pressure,62,303.08,30.08
13,2022-06-16T09:20:12Z,Backhoe_Loader_1,Fuel,Water in Fuel,387,301.97,28.97
9,2022-05-11T08:31:41Z,Excavator_1,Engine,Oil Pressure,60,299.64,26.64
26,2022-06-07T18:45:02Z,Dozer_1,Drive,Pedal Sensor,3.87,298.25,25.25
38,2022-06-15T03:59:22Z,Dozer_1,Misc,Exhaust Gas Temparature,309,307.65,34.65
3,2022-05-27T06:31:30Z,Excavator_1,Misc,Hydraulic Pump Rate,124,303.43,30.43
9,2022-05-30T14:08:01Z,Dozer_1,Engine,Oil Pressure,25,297.36,24.36
50,2022-05-21T16:36:24Z,Excavator_1,Drive,Transmission Pressure,363,297.14,24.14
33,2022-05-13T05:53:12Z,Excavator_1,Fuel,Temparature,352,303.94,30.94
41,2022-05-06T01:09:58Z,Excavator_1,Misc,System Voltage,15.15,301.74,28.74
9,2022-05-18T21:05:23Z,Excavator_1,Fuel,Water in Fuel,422,300.43,27.43
16,2022-06-02T17:40:47Z,Dozer_1,Drive,Pedal Sensor,3.16,296.88,23.88
3,2022-06-29T22:33:09Z,Backhoe_Loader_1,Misc,Hydraulic Pump Rate,95,305.59,32.59
1,2022-06-29T22:23:48Z,Excavator_1,Drive,Brake Control,9,305.53,32.53
34,2022-06-21T04:35:53Z,Backhoe_Loader_1,Drive,Transmission Pressure,433,309.53,36.53
9,2022-05-20T12:23:14Z,Backhoe_Loader_1,Fuel,Water in Fuel,1697,297.58,24.58
17,2022-05-10T15:23:39Z,Excavator_1,Drive,Brake Control,4,298.38,25.38
29,2022-05-08T22:00:34Z,Excavator_1,Engine,Temparature,87,303.81,30.81
32,2022-06-20T05:53:54Z,Excavator_1,Drive,Transmission Pressure,397,308.12,35.12
33,2022-06-07T12:29:39Z,Dozer_1,Drive,Pedal Sensor,4.46,298.35,25.35
17,2022-06-05T03:39:07Z,Dozer_1,Engine,Oil Pressure,43,305.77,32.77
28,2022-05-17T08:03:15Z,Articulated_Truck_1,Fuel,Pressure,59,300.99,27.99
11,2022-06-20T09:55:41Z,Backhoe_Loader_1,Engine,Oil Pressure,47,303.3,30.3
34,2022-05-27T20:00:46Z,Articulated_Truck_1,Misc,Exhaust Gas Temparature,177,298.75,25.75
48,2022-06-22T06:00:32Z,Dozer_1,Fuel,Temparature,308,307.99,34.99
26,2022-05-15T22:43:29Z,Backhoe_Loader_1,Fuel,Level,5,304.66,31.66
29,2022-05-06T09:45:34Z,Articulated_Truck_1,Fuel,Water in Fuel,119,293.27,20.27
35,2022-05-25T10:00:04Z,Articulated_Truck_1,Drive,Pedal Sensor,3.6,290.4,17.4
16,2022-05-22T07:50:03Z,Backhoe_Loader_1,Fuel,Pressure,57,301.26,28.26
15,2022-05-23T21:06:15Z,Excavator_1,Drive,Transmission Pressure,381,294.74,21.74
41,2022-05-23T11:09:49Z,Backhoe_Loader_1,Misc,System Voltage,13.63,293.04,20.04
9,2022-05-26T18:34:09Z,Articulated_Truck_1,Fuel,Water in Fuel,73,291.53,18.53
40,2022-05-01T00:19:55Z,Dozer_1,Drive,Transmission Pressure,291,302.53,29.53
48,2022-06-21T04:13:43Z,Backhoe_Loader_1,Misc,Air Filter Pressure,34,309.53,36.53
16,2022-05-04T05:16:55Z,Excavator_1,Engine,Speed,1664,303,30
28,2022-06-07T11:31:30Z,Articulated_Truck_1,Engine,Oil Pressure,36,298.47,25.47
35,2022-05-27T22:00:52Z,Dozer_1,Misc,Hydraulic Pump Rate,108,304.02,31.02
47,2022-05-25T10:28:22Z,Dozer_1,Engine,Oil Pressure,26,289.79,16.79
46,2022-06-17T13:33:21Z,Backhoe_Loader_1,Drive,Pedal Sensor,4.93,299.36,26.36
50,2022-05-09T03:25:11Z,Excavator_1,Misc,Exhaust Gas Temparature,262,308.32,35.32
13,2022-05-15T22:24:54Z,Articulated_Truck_1,Engine,Temparature,90,304.47,31.47
8,2022-05-01T19:51:35Z,Articulated_Truck_1,Engine,Speed,1600,295.54,22.54
50,2022-06-26T11:10:48Z,Dozer_1,Fuel,Water in Fuel,1368,300.92,27.92
8,2022-06-04T22:55:47Z,Backhoe_Loader_1,Drive,Brake Control,3,301.51,28.51
6,2022-06-07T14:19:48Z,Articulated_Truck_1,Fuel,Level,9,298.24,25.24
1,2022-06-27T21:17:21Z,Excavator_1,Fuel,Water in Fuel,434,304.64,31.64
27,2022-05-20T19:45:15Z,Backhoe_Loader_1,Drive,Brake Control,5,298.42,25.42
38,2022-06-01T07:11:20Z,Dozer_1,Fuel,Pressure,55,303.55,30.55
27,2022-06-21T17:17:53Z,Articulated_Truck_1,Drive,Brake Control,8,298.13,25.13
43,2022-05-27T23:04:57Z,Dozer_1,Drive,Transmission Pressure,348,305.81,32.81
46,2022-06-11T03:09:49Z,Articulated_Truck_1,Misc,Exhaust Gas Temparature,182,310.54,37.54
15,2022-05-30T23:01:49Z,Excavator_1,Fuel,Temparature,318,305.61,32.61
47,2022-05-24T13:39:39Z,Excavator_1,Fuel,Level,2,295.27,22.27
24,2022-05-26T07:34:57Z,Backhoe_Loader_1,Drive,Pedal Sensor,3.11,293.65,20.65
41,2022-05-05T00:26:58Z,Dozer_1,Drive,Transmission Pressure,264,303.38,30.38
37,2022-06-28T18:23:11Z,Dozer_1,Misc,System Voltage,12.54,295.86,22.86
2,2022-06-29T18:42:51Z,Excavator_1,Engine,Temparature,93,297.22,24.22
8,2022-05-07T00:43:42Z,Excavator_1,Fuel,Pressure,36,304.36,31.36
36,2022-06-26T04:53:04Z,Articulated_Truck_1,Drive,Brake Control,2,309.8,36.8
40,2022-05-12T16:25:45Z,Dozer_1,Fuel,Level,7,294.11,21.11
29,2022-05-26T21:41:34Z,Excavator_1,Fuel,Water in Fuel,140,301.61,28.61
29,2022-05-25T20:53:21Z,Dozer_1,Engine,Temparature,103,292.1,19.1
2,2022-06-14T15:29:27Z,Backhoe_Loader_1,Drive,Transmission Pressure,219,299.09,26.09
41,2022-05-05T09:59:11Z,Articulated_Truck_1,Engine,Speed,1700,297.41,24.41
41,2022-05-26T08:54:24Z,Dozer_1,Misc,System Voltage,13.41,291.49,18.49
13,2022-06-09T06:04:51Z,Excavator_1,Misc,System Voltage,12.28,306.21,33.21
12,2022-05-05T21:50:28Z,Backhoe_Loader_1,Drive,Pedal Sensor,4.48,298.91,25.91
39,2022-05-20T22:52:31Z,Articulated_Truck_1,Drive,Pedal Sensor,3.8,304.48,31.48
41,2022-06-23T02:41:50Z,Articulated_Truck_1,Drive,Transmission Pressure,377,309.18,36.18
4,2022-06-23T05:12:43Z,Backhoe_Loader_1,Misc,Air Filter Pressure,30,308.27,35.27
16,2022-05-19T21:20:48Z,Excavator_1,Fuel,Pressure,50,301.73,28.73
24,2022-06-06T07:17:54Z,Dozer_1,Drive,Pedal Sensor,3.93,304.61,31.61
30,2022-05-12T23:43:31Z,Backhoe_Loader_1,Engine,Speed,1435,303.98,30.98
44,2022-05-17T23:32:45Z,Excavator_1,Drive,Pedal Sensor,4.58,306.22,33.22
32,2022-06-08T08:29:18Z,Backhoe_Loader_1,Fuel,Level,5,302.38,29.38
14,2022-05-30T21:15:56Z,Excavator_1,Engine,Oil Pressure,37,301.51,28.51
17,2022-05-25T00:08:12Z,Excavator_1,Fuel,Water in Fuel,1760,301.88,28.88
26,2022-05-02T05:23:23Z,Backhoe_Loader_1,Drive,Pedal Sensor,3.06,301.29,28.29
25,2022-05-15T19:10:41Z,Excavator_1,Drive,Transmission Pressure,280,296.39,23.39
35,2022-05-09T03:24:39Z,Articulated_Truck_1,Misc,Hydraulic Pump Rate,117,308.32,35.32
15,2022-05-23T04:38:41Z,Articulated_Truck_1,Fuel,Temparature,0,299.8,26.8
46,2022-06-24T18:48:40Z,Articulated_Truck_1,Drive,Pedal Sensor,3.2,298.45,25.45
47,2022-06-07T09:31:59Z,Excavator_1,Engine,Oil Pressure,40,300.35,27.35
14,2022-05-12T20:40:04Z,Dozer_1,Drive,Pedal Sensor,4.43,297.73,24.73
11,2022-05-19T07:13:01Z,Excavator_1,Misc,Hydraulic Pump Rate,105,303.42,30.42
3,2022-06-12T21:23:01Z,Dozer_1,Misc,Hydraulic Pump Rate,122,306.53,33.53
10,2022-05-01T20:42:30Z,Backhoe_Loader_1,Fuel,Level,8,295.74,22.74
27,2022-06-25T02:18:23Z,Dozer_1,Misc,Hydraulic Pump Rate,85,311.53,38.53
40,2022-06-14T18:31:14Z,Dozer_1,Misc,Air Filter Pressure,31,298.42,25.42
47,2022-06-14T19:44:22Z,Excavator_1,Drive,Brake Control,3,299.7,26.7
34,2022-05-13T07:29:59Z,Articulated_Truck_1,Fuel,Pressure,71,301.63,28.63
39,2022-05-05T20:47:28Z,Backhoe_Loader_1,Engine,Oil Pressure,49,298.1,25.1
43,2022-06-08T17:13:22Z,Articulated_Truck_1,Misc,Hydraulic Pump Rate,106,297.26,24.26
2,2022-06-22T10:39:35Z,Backhoe_Loader_1,Engine,Temparature,75,301.3,28.3
4,2022-06-17T07:14:41Z,Dozer_1,Drive,Transmission Pressure,246,306.75,33.75
11,2022-05-22T01:06:23Z,Dozer_1,Engine,Oil Pressure,28,308.69,35.69
44,2022-06-30T22:32:17Z,Backhoe_Loader_1,Engine,Oil Pressure,36,306.29,33.29
38,2022-05-12T05:24:54Z,Backhoe_Loader_1,Fuel,Pressure,56,304.28,31.28
30,2022-06-10T00:01:20Z,Dozer_1,Engine,Speed,1654,308.36,35.36
44,2022-05-23T00:22:18Z,Excavator_1,Engine,Oil Pressure,58,298.68,25.68
7,2022-05-12T08:33:48Z,Dozer_1,Engine,Temparature,91,299.9,26.9
41,2022-05-21T19:51:54Z,Articulated_Truck_1,Fuel,Level,6,299.11,26.11
28,2022-06-18T09:59:13Z,Backhoe_Loader_1,Misc,Air Filter Pressure,22,302.65,29.65
16,2022-05-23T15:44:44Z,Excavator_1,Misc,Air Filter Pressure,23,292.12,19.12
12,2022-06-24T01:28:37Z,Excavator_1,Misc,Air Filter Pressure,22,310.36,37.36
46,2022-06-11T19:02:43Z,Articulated_Truck_1,Engine,Temparature,102,300.26,27.26
32,2022-05-07T00:11:56Z,Excavator_1,Engine,Speed,1541,303.97,30.97
16,2022-06-16T12:45:16Z,Backhoe_Loader_1,Drive,Pedal Sensor,4.88,298.97,25.97
27,2022-05-07T16:33:54Z,Excavator_1,Misc,Hydraulic Pump Rate,85,295.81,22.81
2,2022-05-06T20:48:50Z,Dozer_1,Engine,Temparature,91,296.77,23.77
7,2022-05-13T22:39:16Z,Excavator_1,Fuel,Temparature,287,302.57,29.57
45,2022-06-12T13:22:15Z,Excavator_1,Misc,System Voltage,13.28,299.46,26.46
26,2022-05-18T13:07:07Z,Excavator_1,Drive,Pedal Sensor,3.86,296.2,23.2
40,2022-05-19T23:24:02Z,Articulated_Truck_1,Fuel,Level,7,305.76,32.76
18,2022-06-25T14:13:54Z,Backhoe_Loader_1,Misc,Exhaust Gas Temparature,298,298.34,25.34
3,2022-05-20T20:12:30Z,Articulated_Truck_1,Drive,Pedal Sensor,4.2,298.99,25.99
10,2022-05-05T21:47:49Z,Dozer_1,Misc,Exhaust Gas Temparature,347,298.76,25.76
22,2022-06-02T18:29:57Z,Dozer_1,Drive,Pedal Sensor,3.7,297.28,24.28
12,2022-06-29T13:37:42Z,Articulated_Truck_1,Fuel,Pressure,56,296.69,23.69
15,2022-05-11T11:58:00Z,Excavator_1,Misc,Hydraulic Pump Rate,77,297.04,24.04
33,2022-05-10T15:44:15Z,Excavator_1,Drive,Pedal Sensor,4.33,298.38,25.38
1,2022-05-14T21:15:29Z,Dozer_1,Misc,System Voltage,13.25,301.55,28.55
38,2022-05-09T04:20:54Z,Articulated_Truck_1,Engine,Speed,1870,307.31,34.31
30,2022-05-29T20:14:17Z,Excavator_1,Fuel,Level,3,299.39,26.39
33,2022-05-21T00:11:51Z,Backhoe_Loader_1,Misc,System Voltage,15.05,306.49,33.49
1,2022-05-23T10:00:10Z,Articulated_Truck_1,Misc,System Voltage,12.6,293.82,20.82
36,2022-05-13T11:20:36Z,Articulated_Truck_1,Misc,Air Filter Pressure,32,295.87,22.87
37,2022-05-08T18:20:43Z,Excavator_1,Fuel,Temparature,348,296.21,23.21
10,2022-06-07T11:45:49Z,Excavator_1,Drive,Brake Control,10,298.45,25.45
16,2022-06-21T03:11:17Z,Excavator_1,Drive,Pedal Sensor,3.69,311.08,38.08
49,2022-05-23T02:47:05Z,Articulated_Truck_1,Misc,System Voltage,14.8,300.12,27.12
50,2022-05-23T10:33:40Z,Articulated_Truck_1,Misc,Exhaust Gas Temparature,176,293.33,20.33
41,2022-05-27T23:52:49Z,Excavator_1,Drive,Transmission Pressure,274,306.57,33.57
48,2022-06-01T05:07:12Z,Articulated_Truck_1,Misc,Air Filter Pressure,35,306.03,33.03
5,2022-05-28T03:30:19Z,Dozer_1,Drive,Pedal Sensor,4.78,307.47,34.47
43,2022-06-20T20:27:46Z,Backhoe_Loader_1,Drive,Transmission Pressure,210,302.72,29.72
15,2022-05-13T07:50:37Z,Dozer_1,Engine,Temparature,95,301.19,28.19
45,2022-05-02T11:25:12Z,Dozer_1,Drive,Transmission Pressure,302,296.74,23.74
49,2022-05-26T10:26:09Z,Dozer_1,Drive,Brake Control,5,289.79,16.79
49,2022-05-03T11:34:13Z,Articulated_Truck_1,Fuel,Pressure,49,297.23,24.23
42,2022-05-06T23:38:54Z,Dozer_1,Misc,Exhaust Gas Temparature,366,303.32,30.32
5,2022-06-23T06:41:21Z,Backhoe_Loader_1,Engine,Speed,1390,307.09,34.09
8,2022-05-09T12:19:43Z,Excavator_1,Engine,Speed,1573,298.3,25.3
35,2022-06-03T19:30:59Z,Backhoe_Loader_1,Fuel,Water in Fuel,1325,297.24,24.24
25,2022-06-01T09:23:40Z,Dozer_1,Fuel,Water in Fuel,1369,300.8,27.8
36,2022-06-11T02:51:43Z,Dozer_1,Engine,Oil Pressure,52,310.44,37.44
18,2022-05-20T06:13:45Z,Articulated_Truck_1,Drive,Brake Control,8,303.73,30.73
36,2022-06-19T13:23:43Z,Backhoe_Loader_1,Misc,Air Filter Pressure,27,299.5,26.5
35,2022-05-04T23:37:30Z,Dozer_1,Fuel,Water in Fuel,1737,302.31,29.31
15,2022-06-27T01:47:15Z,Dozer_1,Fuel,Temparature,326,310.32,37.32
46,2022-06-19T19:04:47Z,Backhoe_Loader_1,Engine,Temparature,86,299.41,26.41
12,2022-06-22T21:04:58Z,Dozer_1,Drive,Pedal Sensor,4.69,303.67,30.67
35,2022-05-21T09:27:46Z,Backhoe_Loader_1,Drive,Pedal Sensor,4.99,299.19,26.19
10,2022-05-05T15:16:55Z,Dozer_1,Fuel,Level,3,295.54,22.54
30,2022-05-29T02:53:16Z,Articulated_Truck_1,Engine,Speed,1250,307.51,34.51
18,2022-05-25T00:20:39Z,Articulated_Truck_1,Misc,Exhaust Gas Temparature,240,301.99,28.99
31,2022-05-30T21:58:48Z,Articulated_Truck_1,Engine,Oil Pressure,25,303.25,30.25
28,2022-05-30T09:46:13Z,Dozer_1,Drive,Brake Control,6,298.38,25.38
23,2022-06-27T22:36:32Z,Dozer_1,Engine,Speed,1497,305.99,32.99
8,2022-05-29T19:50:57Z,Excavator_1,Misc,Air Filter Pressure,27,299.01,26.01
6,2022-05-23T18:45:54Z,Backhoe_Loader_1,Fuel,Level,5,292.67,19.67
27,2022-06-26T02:09:12Z,Excavator_1,Drive,Brake Control,8,310.82,37.82
48,2022-06-29T23:42:04Z,Backhoe_Loader_1,Engine,Temparature,90,306.9,33.9
4,2022-06-09T03:45:26Z,Backhoe_Loader_1,Engine,Temparature,82,308.71,35.71
43,2022-06-24T17:24:43Z,Backhoe_Loader_1,Engine,Speed,1434,296.8,23.8
30,2022-05-11T19:09:41Z,Backhoe_Loader_1,Fuel,Level,6,296.23,23.23
33,2022-05-26T01:00:34Z,Dozer_1,Fuel,Temparature,212,299.5,26.5
30,2022-05-22T12:35:16Z,Articulated_Truck_1,Drive,Transmission Pressure,267,291.49,18.49
9,2022-05-02T13:13:33Z,Backhoe_Loader_1,Drive,Brake Control,6,296.13,23.13
48,2022-06-09T07:18:36Z,Excavator_1,Drive,Brake Control,4,304.46,31.46
13,2022-05-28T06:14:45Z,Articulated_Truck_1,Misc,System Voltage,14.1,305.28,32.28
23,2022-05-11T14:50:34Z,Excavator_1,Misc,Hydraulic Pump Rate,80,295.53,22.53
14,2022-06-09T19:43:49Z,Excavator_1,Drive,Pedal Sensor,4.88,300.31,27.31
11,2022-05-06T07:56:22Z,Dozer_1,Drive,Transmission Pressure,394,293.96,20.96
46,2022-05-08T11:26:43Z,Excavator_1,Drive,Pedal Sensor,4.88,298.39,25.39
19,2022-05-30T19:30:06Z,Dozer_1,Misc,Hydraulic Pump Rate,113,298.52,25.52
50,2022-05-24T06:15:41Z,Articulated_Truck_1,Engine,Oil Pressure,65,300.59,27.59
43,2022-05-02T02:23:32Z,Excavator_1,Misc,Hydraulic Pump Rate,117,302.39,29.39
2,2022-05-02T07:24:10Z,Articulated_Truck_1,Drive,Transmission Pressure,220,299.9,26.9
11,2022-05-07T00:00:26Z,Articulated_Truck_1,Drive,Transmission Pressure,275,303.84,30.84
39,2022-05-21T09:11:15Z,Dozer_1,Engine,Oil Pressure,33,299.26,26.26
27,2022-05-20T16:04:22Z,Backhoe_Loader_1,Misc,Hydraulic Pump Rate,82,297.36,24.36
44,2022-06-09T20:11:44Z,Dozer_1,Misc,Air Filter Pressure,26,301.26,28.26
50,2022-05-13T00:03:58Z,Excavator_1,Fuel,Water in Fuel,1439,304.49,31.49
22,2022-05-19T02:06:43Z,Articulated_Truck_1,Fuel,Level,6,308.68,35.68
6,2022-06-21T17:50:42Z,Articulated_Truck_1,Engine,Oil Pressure,67,298.11,25.11
7,2022-05-19T07:14:37Z,Backhoe_Loader_1,Engine,Temparature,97,303.41,30.41
26,2022-05-19T13:36:19Z,Backhoe_Loader_1,Engine,Temparature,75,296.03,23.03
32,2022-06-14T17:23:07Z,Articulated_Truck_1,Drive,Transmission Pressure,450,298.23,25.23
49,2022-06-02T19:26:20Z,Backhoe_Loader_1,Fuel,Pressure,56,298.15,25.15
10,2022-06-17T21:14:28Z,Backhoe_Loader_1,Engine,Speed,1521,303.88,30.88
9,2022-05-19T16:41:33Z,Excavator_1,Drive,Brake Control,7,295.37,22.37
36,2022-06-16T10:52:41Z,Articulated_Truck_1,Fuel,Level,3,300.01,27.01
6,2022-06-29T14:50:21Z,Articulated_Truck_1,Misc,Exhaust Gas Temparature,210,295.51,22.51
21,2022-05-23T01:36:54Z,Dozer_1,Drive,Transmission Pressure,402,300.12,27.12
32,2022-05-10T14:37:32Z,Dozer_1,Fuel,Level,7,298.39,25.39
9,2022-06-05T05:05:32Z,Dozer_1,Misc,System Voltage,14.38,304.67,31.67
42,2022-05-04T00:31:11Z,Backhoe_Loader_1,Misc,Exhaust Gas Temparature,216,302.86,29.86
19,2022-06-07T01:33:05Z,Backhoe_Loader_1,Drive,Brake Control,10,311.06,38.06
32,2022-06-14T11:44:57Z,Dozer_1,Misc,Air Filter Pressure,31,299.7,26.7
15,2022-05-01T13:12:10Z,Excavator_1,Engine,Temparature,95,294.13,21.13
31,2022-05-11T11:08:12Z,Backhoe_Loader_1,Misc,Hydraulic Pump Rate,82,297.33,24.33
32,2022-05-13T04:58:29Z,Excavator_1,Fuel,Level,9,304.96,31.96
47,2022-06-26T11:13:01Z,Articulated_Truck_1,Fuel,Level,3,300.88,27.88
12,2022-05-10T04:48:40Z,Backhoe_Loader_1,Fuel,Pressure,49,305.95,32.95
17,2022-05-23T23:09:11Z,Articulated_Truck_1,Engine,Oil Pressure,33,300.34,27.34
13,2022-05-24T00:58:38Z,Articulated_Truck_1,Fuel,Water in Fuel,78,302.75,29.75
24,2022-06-21T15:12:57Z,Backhoe_Loader_1,Fuel,Pressure,42,299.72,26.72
35,2022-06-21T13:10:10Z,Excavator_1,Drive,Pedal Sensor,4.83,301.3,28.3
2,2022-06-09T08:21:48Z,Articulated_Truck_1,Engine,Temparature,75,303.58,30.58
1,2022-05-29T01:45:10Z,Excavator_1,Misc,System Voltage,13.64,307.27,34.27
30,2022-06-13T06:05:02Z,Dozer_1,Fuel,Level,8,309.76,36.76
42,2022-06-19T03:02:05Z,Articulated_Truck_1,Misc,Exhaust Gas Temparature,176,310.23,37.23
45,2022-06-03T05:06:52Z,Excavator_1,Drive,Transmission Pressure,323,303.61,30.61
31,2022-05-17T04:05:58Z,Excavator_1,Drive,Pedal Sensor,4.68,308,35
16,2022-05-03T10:01:42Z,Dozer_1,Engine,Speed,1364,297.36,24.36
36,2022-05-10T12:45:46Z,Articulated_Truck_1,Engine,Oil Pressure,45,298.9,25.9
13,2022-05-24T18:41:08Z,Excavator_1,Engine,Temparature,75,294.9,21.9
27,2022-05-03T22:07:55Z,Excavator_1,Fuel,Temparature,355,299.59,26.59
41,2022-05-06T07:11:28Z,Backhoe_Loader_1,Engine,Speed,1687,294.68,21.68
36,2022-05-09T05:38:12Z,Backhoe_Loader_1,Fuel,Level,5,305.5,32.5
14,2022-06-16T00:37:05Z,Articulated_Truck_1,Drive,Pedal Sensor,4.4,306.59,33.59
43,2022-06-16T21:30:41Z,Dozer_1,Engine,Speed,1488,304.13,31.13
49,2022-05-22T16:32:08Z,Excavator_1,Engine,Speed,1377,289.78,16.78
32,2022-05-18T00:34:35Z,Backhoe_Loader_1,Engine,Speed,1475,307.61,34.61
36,2022-06-27T16:29:04Z,Excavator_1,Engine,Oil Pressure,39,298.64,25.64
31,2022-06-06T19:21:21Z,Dozer_1,Fuel,Water in Fuel,1337,299,26
49,2022-05-03T10:13:39Z,Articulated_Truck_1,Engine,Speed,1560,297.36,24.36
32,2022-06-04T06:36:55Z,Articulated_Truck_1,Engine,Speed,1550,302.82,29.82
3,2022-06-20T16:43:18Z,Excavator_1,Fuel,Temparature,398,296.72,23.72
2,2022-06-20T14:48:18Z,Backhoe_Loader_1,Misc,Exhaust Gas Temparature,217,298.3,25.3
12,2022-06-06T09:36:25Z,Excavator_1,Engine,Speed,1644,300.82,27.82
41,2022-06-13T13:11:33Z,Dozer_1,Engine,Speed,1771,298.94,25.94
37,2022-05-18T14:22:03Z,Excavator_1,Drive,Brake Control,9,295.85,22.85
28,2022-06-09T05:23:13Z,Articulated_Truck_1,Drive,Brake Control,3,307.53,34.53
40,2022-05-18T20:27:16Z,Articulated_Truck_1,Engine,Temparature,100,298.83,25.83
29,2022-05-15T07:07:10Z,Dozer_1,Drive,Brake Control,5,302.48,29.48
27,2022-06-17T20:56:42Z,Backhoe_Loader_1,Engine,Speed,1341,304.46,31.46
24,2022-06-17T03:01:41Z,Dozer_1,Fuel,Pressure,52,310.57,37.57
17,2022-05-17T12:45:08Z,Backhoe_Loader_1,Misc,System Voltage,14.29,296.64,23.64
32,2022-05-14T23:13:53Z,Backhoe_Loader_1,Misc,Air Filter Pressure,25,304.8,31.8
16,2022-06-18T10:52:44Z,Articulated_Truck_1,Fuel,Pressure,67,301.53,28.53
47,2022-06-17T20:57:18Z,Dozer_1,Fuel,Level,3,304.46,31.46
37,2022-06-27T00:30:42Z,Articulated_Truck_1,Fuel,Temparature,0,309.07,36.07
26,2022-05-13T19:45:09Z,Articulated_Truck_1,Engine,Temparature,98,296.2,23.2
17,2022-05-25T21:48:09Z,Articulated_Truck_1,Fuel,Water in Fuel,81,293.97,20.97
48,2022-06-14T10:10:26Z,Articulated_Truck_1,Engine,Temparature,82,300.67,27.67
48,2022-06-25T12:04:22Z,Excavator_1,Fuel,Temparature,297,300.42,27.42
2,2022-05-02T05:43:34Z,Dozer_1,Fuel,Level,2,301.22,28.22
49,2022-05-27T02:12:14Z,Articulated_Truck_1,Drive,Brake Control,4,308.04,35.04
33,2022-05-16T02:16:40Z,Articulated_Truck_1,Fuel,Temparature,0,308.28,35.28
5,2022-06-23T20:53:35Z,Articulated_Truck_1,Misc,System Voltage,13.1,305.71,32.71
37,2022-05-23T15:59:17Z,Dozer_1,Drive,Brake Control,7,292.11,19.11
48,2022-06-02T21:45:34Z,Dozer_1,Drive,Brake Control,5,300.62,27.62
39,2022-06-13T10:51:05Z,Backhoe_Loader_1,Misc,Hydraulic Pump Rate,90,301.11,28.11
24,2022-06-14T22:34:17Z,Excavator_1,Misc,Air Filter Pressure,22,306.2,33.2
32,2022-06-30T11:08:46Z,Articulated_Truck_1,Fuel,Level,4,299.58,26.58
3,2022-06-13T00:44:10Z,Excavator_1,Drive,Pedal Sensor,3.55,311.06,38.06
6,2022-06-03T15:23:27Z,Dozer_1,Fuel,Level,6,295.65,22.65
11,2022-06-25T12:15:59Z,Backhoe_Loader_1,Fuel,Temparature,224,299.98,26.98
50,2022-06-17T09:01:50Z,Backhoe_Loader_1,Drive,Transmission Pressure,377,304.5,31.5
36,2022-05-26T03:39:25Z,Excavator_1,Drive,Brake Control,9,300.31,27.31
4,2022-06-23T23:50:43Z,Articulated_Truck_1,Misc,Air Filter Pressure,22,309.68,36.68
34,2022-06-03T02:57:08Z,Dozer_1,Engine,Speed,1385,304.51,31.51
49,2022-06-02T18:33:33Z,Excavator_1,Misc,System Voltage,13.21,297.44,24.44
33,2022-05-20T15:07:22Z,Excavator_1,Engine,Oil Pressure,36,297.18,24.18
42,2022-06-19T08:39:27Z,Articulated_Truck_1,Engine,Oil Pressure,36,304.93,31.93
42,2022-06-16T22:11:02Z,Articulated_Truck_1,Drive,Pedal Sensor,3.9,306.2,33.2
27,2022-06-16T11:16:38Z,Dozer_1,Fuel,Temparature,382,299.63,26.63
29,2022-06-02T01:46:16Z,Backhoe_Loader_1,Misc,System Voltage,13.71,305.23,32.23
41,2022-06-21T09:28:21Z,Articulated_Truck_1,Misc,System Voltage,15.2,304.35,31.35
34,2022-06-16T01:32:34Z,Articulated_Truck_1,Drive,Transmission Pressure,447,305.59,32.59
15,2022-06-23T08:05:29Z,Backhoe_Loader_1,Fuel,Temparature,363,304.63,31.63
1,2022-06-07T08:39:49Z,Backhoe_Loader_1,Drive,Brake Control,6,301.64,28.64
3,2022-05-12T06:44:37Z,Dozer_1,Drive,Pedal Sensor,3.04,302.49,29.49
30,2022-06-22T23:36:06Z,Articulated_Truck_1,Misc,Exhaust Gas Temparature,180,307.59,34.59
39,2022-06-12T09:50:01Z,Excavator_1,Misc,Hydraulic Pump Rate,112,303.75,30.75
38,2022-06-08T17:46:59Z,Excavator_1,Drive,Brake Control,5,297.26,24.26
8,2022-05-21T21:04:59Z,Dozer_1,Fuel,Pressure,48,301.93,28.93
18,2022-05-28T00:21:09Z,Excavator_1,Drive,Brake Control,7,307.12,34.12
17,2022-05-08T08:31:01Z,Excavator_1,Engine,Oil Pressure,32,301.87,28.87
49,2022-06-28T15:45:01Z,Dozer_1,Engine,Speed,1530,294.82,21.82
14,2022-05-21T20:21:21Z,Backhoe_Loader_1,Engine,Oil Pressure,45,300.42,27.42
47,2022-06-22T04:47:09Z,Articulated_Truck_1,Engine,Oil Pressure,56,310.39,37.39
36,2022-06-22T20:24:00Z,Excavator_1,Misc,Air Filter Pressure,29,301.55,28.55
7,2022-06-26T19:35:36Z,Excavator_1,Engine,Temparature,91,300.3,27.3
37,2022-06-01T16:12:42Z,Backhoe_Loader_1,Engine,Temparature,75,297.7,24.7
4,2022-05-21T23:07:40Z,Articulated_Truck_1,Fuel,Pressure,44,306.4,33.4
27,2022-05-25T04:38:41Z,Backhoe_Loader_1,Fuel,Temparature,340,302.1,29.1
45,2022-06-05T11:11:32Z,Dozer_1,Fuel,Pressure,37,298.22,25.22
30,2022-06-24T06:17:06Z,Excavator_1,Engine,Speed,1455,308.54,35.54
4,2022-05-14T11:42:22Z,Backhoe_Loader_1,Drive,Transmission Pressure,292,297.28,24.28
6,2022-05-02T08:37:26Z,Backhoe_Loader_1,Misc,Exhaust Gas Temparature,223,298.79,25.79
21,2022-06-12T21:34:23Z,Articulated_Truck_1,Drive,Transmission Pressure,250,305.1,32.1
28,2022-05-13T09:16:37Z,Excavator_1,Engine,Oil Pressure,53,298.57,25.57
23,2022-05-27T22:41:55Z,Articulated_Truck_1,Engine,Speed,1340,305.09,32.09
49,2022-05-07T03:48:31Z,Dozer_1,Fuel,Pressure,58,306.15,33.15
45,2022-06-29T16:47:07Z,Dozer_1,Engine,Speed,1445,294.28,21.28
2,2022-05-15T20:33:46Z,Articulated_Truck_1,Fuel,Level,10,299.77,26.77
34,2022-05-04T15:01:14Z,Backhoe_Loader_1,Misc,Exhaust Gas Temparature,293,295.95,22.95
47,2022-06-09T00:25:35Z,Backhoe_Loader_1,Fuel,Level,6,308.9,35.9
42,2022-06-25T01:50:35Z,Dozer_1,Drive,Pedal Sensor,3.52,311.51,38.51
50,2022-05-23T04:38:57Z,Backhoe_Loader_1,Fuel,Water in Fuel,1400,299.8,26.8
20,2022-06-30T20:00:49Z,Excavator_1,Misc,Air Filter Pressure,25,301.24,28.24
16,2022-05-09T14:21:51Z,Articulated_Truck_1,Drive,Pedal Sensor,3.6,297.34,24.34
29,2022-06-05T05:54:26Z,Excavator_1,Misc,System Voltage,14.33,303.81,30.81
39,2022-06-16T02:41:34Z,Excavator_1,Fuel,Water in Fuel,461,308,35
11,2022-06-21T18:05:54Z,Articulated_Truck_1,Engine,Oil Pressure,72,298.62,25.62
3,2022-06-04T23:24:10Z,Articulated_Truck_1,Fuel,Temparature,0,302.78,29.78
5,2022-06-01T00:48:36Z,Articulated_Truck_1,Drive,Pedal Sensor,4.4,307.1,34.1
22,2022-06-17T17:06:13Z,Articulated_Truck_1,Drive,Pedal Sensor,3.6,296.6,23.6
5,2022-06-28T06:46:31Z,Excavator_1,Engine,Speed,1523,300.38,27.38
14,2022-05-06T13:30:37Z,Excavator_1,Misc,Exhaust Gas Temparature,306,290.35,17.35
37,2022-06-19T12:40:03Z,Backhoe_Loader_1,Misc,System Voltage,12.52,300.19,27.19
23,2022-06-18T16:45:24Z,Backhoe_Loader_1,Fuel,Temparature,376,296.72,23.72
9,2022-05-16T22:24:02Z,Articulated_Truck_1,Misc,System Voltage,12.7,304.41,31.41
42,2022-06-23T16:26:14Z,Backhoe_Loader_1,Drive,Pedal Sensor,3.8,297.74,24.74
19,2022-06-17T17:04:01Z,Dozer_1,Drive,Brake Control,7,296.6,23.6
15,2022-06-30T13:37:33Z,Articulated_Truck_1,Misc,Hydraulic Pump Rate,120,297.96,24.96
23,2022-06-17T02:44:30Z,Excavator_1,Drive,Transmission Pressure,399,310.2,37.2
22,2022-06-21T16:09:58Z,Backhoe_Loader_1,Fuel,Level,8,298.89,25.89
6,2022-06-15T13:51:50Z,Excavator_1,Misc,Exhaust Gas Temparature,312,299.5,26.5
13,2022-06-17T15:59:54Z,Excavator_1,Fuel,Water in Fuel,544,297.16,24.16
37,2022-06-16T15:27:30Z,Excavator_1,Misc,System Voltage,15.53,298.27,25.27
38,2022-06-02T22:25:23Z,Excavator_1,Fuel,Pressure,53,302.02,29.02
8,2022-06-02T17:20:30Z,Backhoe_Loader_1,Engine,Speed,1429,297.05,24.05
5,2022-06-08T13:17:06Z,Dozer_1,Misc,System Voltage,13.87,298.39,25.39
19,2022-05-03T07:01:03Z,Excavator_1,Engine,Speed,1712,298.83,25.83
24,2022-06-23T23:45:21Z,Articulated_Truck_1,Misc,Air Filter Pressure,31,309.45,36.45
25,2022-05-17T23:42:24Z,Excavator_1,Engine,Oil Pressure,37,306.14,33.14
30,2022-06-28T07:21:28Z,Excavator_1,Misc,Exhaust Gas Temparature,310,294.66,21.66
1,2022-05-25T03:32:03Z,Dozer_1,Fuel,Water in Fuel,286,302.55,29.55
28,2022-06-19T08:29:25Z,Excavator_1,Drive,Brake Control,1,304.94,31.94
38,2022-05-25T21:05:43Z,Dozer_1,Drive,Brake Control,5,292.34,19.34
50,2022-05-07T21:21:33Z,Articulated_Truck_1,Fuel,Water in Fuel,448,302.73,29.73
46,2022-06-11T09:31:45Z,Backhoe_Loader_1,Fuel,Water in Fuel,398,303.7,30.7
12,2022-06-25T08:18:50Z,Articulated_Truck_1,Misc,Air Filter Pressure,25,305.64,32.64
10,2022-05-25T08:33:28Z,Excavator_1,Fuel,Level,7,299.42,26.42
41,2022-05-15T10:38:00Z,Backhoe_Loader_1,Drive,Transmission Pressure,289,298.36,25.36
18,2022-06-10T17:46:17Z,Dozer_1,Engine,Temparature,100,297.3,24.3
38,2022-05-25T11:32:37Z,Articulated_Truck_1,Fuel,Pressure,72,289.46,16.46
24,2022-05-25T04:47:33Z,Backhoe_Loader_1,Engine,Temparature,94,301.87,28.87
31,2022-05-04T01:41:06Z,Dozer_1,Misc,Hydraulic Pump Rate,94,303.68,30.68
2,2022-05-25T15:52:51Z,Excavator_1,Drive,Transmission Pressure,406,289.07,16.07
42,2022-05-27T18:23:38Z,Backhoe_Loader_1,Fuel,Water in Fuel,495,295.67,22.67
38,2022-05-06T20:06:35Z,Backhoe_Loader_1,Drive,Brake Control,6,295.11,22.11
46,2022-06-24T19:36:27Z,Excavator_1,Fuel,Water in Fuel,1072,300.94,27.94
25,2022-06-15T15:14:31Z,Articulated_Truck_1,Drive,Transmission Pressure,366,299.29,26.29
1,2022-06-09T14:04:18Z,Articulated_Truck_1,Fuel,Water in Fuel,50,298.31,25.31
38,2022-06-11T04:31:02Z,Articulated_Truck_1,Misc,Exhaust Gas Temparature,181,310.12,37.12
34,2022-06-10T12:30:24Z,Dozer_1,Misc,Exhaust Gas Temparature,347,299.74,26.74
6,2022-06-20T15:06:27Z,Excavator_1,Engine,Oil Pressure,60,297.93,24.93
19,2022-05-23T07:36:49Z,Backhoe_Loader_1,Misc,Hydraulic Pump Rate,117,296.14,23.14
12,2022-05-18T20:55:34Z,Dozer_1,Engine,Speed,1529,300.19,27.19
34,2022-06-29T07:20:54Z,Excavator_1,Engine,Speed,1419,301.37,28.37
1,2022-06-14T07:01:40Z,Backhoe_Loader_1,Misc,System Voltage,14.95,304.54,31.54
31,2022-06-12T13:05:50Z,Backhoe_Loader_1,Engine,Oil Pressure,65,299.74,26.74
14,2022-05-06T18:34:37Z,Backhoe_Loader_1,Drive,Pedal Sensor,3.54,290.13,17.13
19,2022-05-23T17:34:59Z,Backhoe_Loader_1,Fuel,Temparature,250,292.05,19.05
40,2022-05-22T13:59:28Z,Backhoe_Loader_1,Drive,Transmission Pressure,349,290.49,17.49
48,2022-05-12T01:56:34Z,Dozer_1,Misc,Air Filter Pressure,26,305.71,32.71
35,2022-05-24T16:19:43Z,Excavator_1,Fuel,Water in Fuel,1647,295.33,22.33
18,2022-05-30T07:29:25Z,Articulated_Truck_1,Engine,Temparature,102,301.52,28.52
17,2022-06-08T15:27:31Z,Dozer_1,Misc,System Voltage,15.26,297.75,24.75
21,2022-06-05T00:55:51Z,Articulated_Truck_1,Fuel,Water in Fuel,88,305.54,32.54
13,2022-06-05T07:06:14Z,Dozer_1,Drive,Transmission Pressure,223,302.55,29.55
38,2022-06-05T14:13:44Z,Backhoe_Loader_1,Engine,Speed,1585,295.63,22.63
33,2022-05-10T10:06:47Z,Articulated_Truck_1,Drive,Pedal Sensor,4.4,299.91,26.91
49,2022-06-06T15:31:31Z,Backhoe_Loader_1,Engine,Speed,1394,297.58,24.58
4,2022-05-30T14:58:22Z,Dozer_1,Fuel,Pressure,47,297.3,24.3
48,2022-05-28T18:04:34Z,Excavator_1,Misc,Air Filter Pressure,35,295.58,22.58
14,2022-05-27T17:18:06Z,Articulated_Truck_1,Engine,Oil Pressure,44,292.51,19.51
29,2022-06-23T10:50:01Z,Articulated_Truck_1,Engine,Temparature,95,302.74,29.74
41,2022-05-20T01:01:55Z,Excavator_1,Engine,Speed,1515,308.3,35.3
34,2022-05-07T09:54:12Z,Excavator_1,Fuel,Pressure,52,300.36,27.36
25,2022-06-14T08:08:36Z,Excavator_1,Fuel,Water in Fuel,1643,303.26,30.26
13,2022-06-07T03:24:30Z,Backhoe_Loader_1,Drive,Transmission Pressure,286,311.44,38.44
30,2022-06-24T06:14:56Z,Dozer_1,Drive,Transmission Pressure,271,308.64,35.64
49,2022-06-21T12:15:41Z,Dozer_1,Misc,System Voltage,14.28,301.86,28.86
17,2022-05-01T12:55:10Z,Excavator_1,Misc,System Voltage,12.02,294.38,21.38
43,2022-06-28T06:57:48Z,Backhoe_Loader_1,Fuel,Level,5,294.59,21.59
29,2022-05-29T23:47:59Z,Articulated_Truck_1,Drive,Brake Control,7,306.3,33.3
2,2022-05-27T08:34:57Z,Excavator_1,Fuel,Level,2,299.22,26.22
40,2022-06-13T19:48:07Z,Dozer_1,Engine,Temparature,89,300.51,27.51
8,2022-05-09T12:13:17Z,Dozer_1,Engine,Speed,1357,298.38,25.38
5,2022-06-06T18:13:49Z,Dozer_1,Fuel,Water in Fuel,287,297.55,24.55
49,2022-06-05T12:35:22Z,Backhoe_Loader_1,Misc,System Voltage,14.71,296.78,23.78
39,2022-05-18T13:10:48Z,Dozer_1,Drive,Pedal Sensor,4.69,296.2,23.2
26,2022-06-06T21:59:58Z,Articulated_Truck_1,Fuel,Level,5,304.93,31.93
37,2022-06-05T04:17:27Z,Articulated_Truck_1,Misc,System Voltage,13.7,305.71,32.71
5,2022-06-05T01:06:32Z,Backhoe_Loader_1,Drive,Pedal Sensor,4.41,305.95,32.95
33,2022-05-19T16:09:22Z,Backhoe_Loader_1,Engine,Oil Pressure,61,295.52,22.52
21,2022-05-09T21:40:22Z,Dozer_1,Misc,System Voltage,14.4,301.97,28.97
13,2022-06-28T19:01:22Z,Backhoe_Loader_1,Misc,System Voltage,15.82,296.2,23.2
35,2022-05-30T03:59:33Z,Articulated_Truck_1,Engine,Temparature,94,307.17,34.17
25,2022-05-22T20:48:03Z,Articulated_Truck_1,Engine,Oil Pressure,45,292.91,19.91
13,2022-06-12T22:26:46Z,Articulated_Truck_1,Drive,Transmission Pressure,300,308.28,35.28
22,2022-06-04T17:55:41Z,Excavator_1,Engine,Oil Pressure,26,294.37,21.37
44,2022-05-04T03:09:21Z,Articulated_Truck_1,Misc,Air Filter Pressure,31,303.67,30.67
40,2022-05-22T10:03:36Z,Articulated_Truck_1,Drive,Transmission Pressure,443,294.22,21.22
8,2022-06-03T00:36:16Z,Articulated_Truck_1,Misc,Air Filter Pressure,23,304.58,31.58
8,2022-06-18T14:11:56Z,Dozer_1,Drive,Brake Control,8,298.39,25.39
28,2022-06-12T10:46:20Z,Backhoe_Loader_1,Engine,Oil Pressure,57,302.19,29.19
12,2022-06-02T21:54:01Z,Backhoe_Loader_1,Misc,Air Filter Pressure,25,300.81,27.81
44,2022-06-22T19:24:57Z,Articulated_Truck_1,Fuel,Temparature,0,300.25,27.25
7,2022-06-29T21:21:13Z,Articulated_Truck_1,Misc,Hydraulic Pump Rate,118,303.48,30.48
37,2022-06-08T10:58:57Z,Articulated_Truck_1,Drive,Brake Control,8,299.38,26.38
9,2022-06-24T20:26:17Z,Excavator_1,Misc,System Voltage,12.71,302.62,29.62
23,2022-05-23T20:40:00Z,Dozer_1,Fuel,Temparature,372,294.01,21.01
39,2022-05-18T20:38:30Z,Articulated_Truck_1,Fuel,Water in Fuel,184,299.11,26.11
15,2022-06-30T15:28:03Z,Backhoe_Loader_1,Drive,Transmission Pressure,272,297.41,24.41
8,2022-06-09T14:12:56Z,Articulated_Truck_1,Fuel,Pressure,46,298.36,25.36
7,2022-06-16T20:11:03Z,Backhoe_Loader_1,Misc,Hydraulic Pump Rate,83,300.95,27.95
46,2022-05-21T03:29:19Z,Articulated_Truck_1,Fuel,Water in Fuel,426,306.62,33.62
17,2022-05-23T11:17:38Z,Articulated_Truck_1,Misc,System Voltage,14.4,292.61,19.61
34,2022-06-01T23:11:36Z,Articulated_Truck_1,Engine,Speed,1650,304.92,31.92
8,2022-06-20T01:28:45Z,Excavator_1,Drive,Brake Control,8,309.51,36.51
20,2022-06-12T18:58:22Z,Backhoe_Loader_1,Fuel,Pressure,47,298.94,25.94
26,2022-06-22T21:50:43Z,Dozer_1,Fuel,Level,2,304.79,31.79
27,2022-05-01T03:12:04Z,Dozer_1,Engine,Speed,1310,303.23,30.23
21,2022-05-11T20:59:36Z,Backhoe_Loader_1,Engine,Speed,1765,300.17,27.17
31,2022-06-12T05:07:49Z,Dozer_1,Drive,Pedal Sensor,4.1,310.55,37.55
39,2022-06-02T05:50:45Z,Articulated_Truck_1,Misc,Hydraulic Pump Rate,116,303.57,30.57
36,2022-05-15T15:22:18Z,Excavator_1,Fuel,Level,7,294.67,21.67
33,2022-06-09T00:16:29Z,Articulated_Truck_1,Engine,Oil Pressure,35,308.86,35.86
20,2022-05-23T04:38:09Z,Dozer_1,Misc,Air Filter Pressure,31,299.77,26.77
11,2022-05-04T08:34:48Z,Excavator_1,Engine,Oil Pressure,42,299.11,26.11
18,2022-06-27T11:20:31Z,Excavator_1,Engine,Temparature,79,301.91,28.91
8,2022-05-16T09:07:13Z,Articulated_Truck_1,Drive,Brake Control,8,300.74,27.74
41,2022-06-19T03:27:54Z,Backhoe_Loader_1,Fuel,Level,4,310.27,37.27
10,2022-05-10T19:19:42Z,Dozer_1,Drive,Brake Control,2,297.93,24.93
37,2022-05-21T14:46:03Z,Dozer_1,Fuel,Temparature,253,297.65,24.65
39,2022-06-04T20:30:15Z,Backhoe_Loader_1,Fuel,Water in Fuel,1342,296.07,23.07
16,2022-05-02T17:24:00Z,Dozer_1,Fuel,Pressure,48,294.16,21.16
23,2022-06-15T11:11:04Z,Dozer_1,Misc,Hydraulic Pump Rate,90,299.94,26.94
40,2022-05-21T14:34:35Z,Backhoe_Loader_1,Fuel,Level,6,297.88,24.88
38,2022-05-09T18:52:55Z,Articulated_Truck_1,Drive,Brake Control,4,297.52,24.52
2,2022-05-06T21:13:51Z,Dozer_1,Misc,Exhaust Gas Temparature,244,298.28,25.28
38,2022-06-26T13:54:57Z,Backhoe_Loader_1,Misc,Exhaust Gas Temparature,211,297.97,24.97
36,2022-05-06T07:00:57Z,Backhoe_Loader_1,Engine,Oil Pressure,48,294.96,21.96
48,2022-05-10T19:49:35Z,Backhoe_Loader_1,Drive,Brake Control,5,298.23,25.23
37,2022-06-03T03:33:09Z,Backhoe_Loader_1,Drive,Brake Control,4,304.9,31.9
1,2022-05-19T10:40:13Z,Backhoe_Loader_1,Engine,Speed,1352,298,25
24,2022-06-23T10:14:14Z,Excavator_1,Engine,Temparature,81,303.3,30.3
34,2022-06-23T20:40:56Z,Backhoe_Loader_1,Fuel,Pressure,59,304.7,31.7
15,2022-06-23T12:01:06Z,Backhoe_Loader_1,Misc,Hydraulic Pump Rate,85,301.65,28.65
31,2022-06-12T04:21:12Z,Articulated_Truck_1,Fuel,Water in Fuel,120,311.45,38.45
43,2022-06-22T04:26:33Z,Excavator_1,Engine,Speed,1648,310.29,37.29
21,2022-06-26T15:31:44Z,Excavator_1,Misc,System Voltage,15.19,296.69,23.69
14,2022-06-19T23:44:53Z,Dozer_1,Misc,Exhaust Gas Temparature,344,308.02,35.02
4,2022-06-03T16:57:24Z,Backhoe_Loader_1,Fuel,Pressure,37,294.54,21.54
32,2022-06-07T04:00:01Z,Dozer_1,Drive,Transmission Pressure,328,311.11,38.11
17,2022-05-08T07:09:07Z,Dozer_1,Drive,Brake Control,9,303.82,30.82
50,2022-05-05T16:57:01Z,Excavator_1,Engine,Oil Pressure,43,296.13,23.13
5,2022-06-21T11:20:42Z,Excavator_1,Fuel,Water in Fuel,276,302.75,29.75
33,2022-05-14T09:43:59Z,Dozer_1,Misc,System Voltage,15.01,298.93,25.93
44,2022-06-18T05:32:08Z,Dozer_1,Engine,Oil Pressure,41,307.57,34.57
24,2022-05-26T04:44:24Z,Excavator_1,Drive,Pedal Sensor,4.26,300.06,27.06
3,2022-05-01T08:01:41Z,Backhoe_Loader_1,Fuel,Temparature,243,299.49,26.49
24,2022-06-07T12:15:03Z,Articulated_Truck_1,Fuel,Pressure,56,298.44,25.44
12,2022-06-23T00:10:54Z,Articulated_Truck_1,Drive,Pedal Sensor,3.7,307.67,34.67
49,2022-05-11T21:15:07Z,Backhoe_Loader_1,Drive,Brake Control,3,300.3,27.3
13,2022-06-10T06:17:06Z,Dozer_1,Misc,System Voltage,14.72,306.67,33.67
40,2022-06-21T03:03:40Z,Excavator_1,Drive,Transmission Pressure,354,311.08,38.08
33,2022-06-22T06:01:52Z,Excavator_1,Misc,System Voltage,12.43,307.99,34.99
47,2022-06-20T10:39:17Z,Excavator_1,Misc,Hydraulic Pump Rate,125,302.71,29.71
20,2022-06-02T02:28:19Z,Excavator_1,Drive,Brake Control,5,303.84,30.84
18,2022-06-15T16:21:53Z,Backhoe_Loader_1,Fuel,Level,6,299.07,26.07
10,2022-05-13T18:58:13Z,Articulated_Truck_1,Drive,Brake Control,7,294.62,21.62
44,2022-06-17T08:14:08Z,Backhoe_Loader_1,Fuel,Temparature,329,305.39,32.39
7,2022-05-19T10:03:33Z,Dozer_1,Fuel,Temparature,258,298.84,25.84
39,2022-06-01T06:07:39Z,Dozer_1,Misc,Hydraulic Pump Rate,87,305.04,32.04
35,2022-05-18T05:49:35Z,Backhoe_Loader_1,Engine,Temparature,94,305.01,32.01
35,2022-05-13T05:51:14Z,Dozer_1,Engine,Temparature,85,303.96,30.96
38,2022-05-17T15:25:35Z,Excavator_1,Engine,Speed,1443,294.94,21.94
18,2022-05-05T19:26:24Z,Backhoe_Loader_1,Drive,Brake Control,10,297.11,24.11
26,2022-06-23T00:44:20Z,Articulated_Truck_1,Misc,Exhaust Gas Temparature,190,307.93,34.93
22,2022-06-17T08:17:44Z,Dozer_1,Fuel,Level,8,305.28,32.28
13,2022-06-21T05:48:44Z,Dozer_1,Engine,Temparature,89,308.42,35.42
50,2022-05-12T19:31:46Z,Articulated_Truck_1,Drive,Transmission Pressure,391,295.84,22.84
1,2022-06-17T11:44:09Z,Backhoe_Loader_1,Fuel,Water in Fuel,1655,301.19,28.19
34,2022-06-10T03:56:00Z,Dozer_1,Fuel,Pressure,43,309.65,36.65
43,2022-05-09T20:57:26Z,Dozer_1,Misc,Hydraulic Pump Rate,79,300.77,27.77
42,2022-05-30T10:48:15Z,Articulated_Truck_1,Fuel,Water in Fuel,424,298.2,25.2
46,2022-05-19T23:03:11Z,Excavator_1,Misc,Exhaust Gas Temparature,270,305.32,32.32
12,2022-06-30T15:55:21Z,Dozer_1,Misc,Air Filter Pressure,28,297.06,24.06
46,2022-05-12T10:21:07Z,Excavator_1,Engine,Temparature,80,297.3,24.3
48,2022-05-13T05:10:04Z,Articulated_Truck_1,Drive,Brake Control,8,304.91,31.91
28,2022-06-29T06:59:28Z,Backhoe_Loader_1,Fuel,Pressure,51,301.78,28.78
37,2022-05-20T18:34:35Z,Articulated_Truck_1,Engine,Temparature,92,297.77,24.77
50,2022-05-08T23:35:46Z,Backhoe_Loader_1,Engine,Oil Pressure,51,305.73,32.73
10,2022-06-01T05:43:24Z,Excavator_1,Misc,Exhaust Gas Temparature,359,305.53,32.53
42,2022-06-13T18:49:21Z,Backhoe_Loader_1,Engine,Oil Pressure,38,298.6,25.6
22,2022-05-17T15:55:05Z,Excavator_1,Fuel,Level,9,294.94,21.94
4,2022-06-03T21:24:15Z,Articulated_Truck_1,Engine,Temparature,78,302.33,29.33
22,2022-06-18T01:20:27Z,Backhoe_Loader_1,Misc,Exhaust Gas Temparature,205,308.52,35.52
10,2022-06-17T04:21:38Z,Articulated_Truck_1,Misc,Exhaust Gas Temparature,222,310.28,37.28
12,2022-06-28T17:11:12Z,Backhoe_Loader_1,Engine,Speed,1720,294.83,21.83
39,2022-05-23T20:13:07Z,Backhoe_Loader_1,Drive,Pedal Sensor,4.36,293.34,20.34
45,2022-05-08T05:33:36Z,Articulated_Truck_1,Misc,System Voltage,14.9,305.56,32.56
19,2022-06-30T18:55:06Z,Articulated_Truck_1,Misc,Hydraulic Pump Rate,122,298.25,25.25
35,2022-05-24T20:26:17Z,Backhoe_Loader_1,Misc,Hydraulic Pump Rate,76,297.17,24.17
33,2022-06-17T17:43:46Z,Backhoe_Loader_1,Fuel,Temparature,302,296.52,23.52
3,2022-06-28T02:33:43Z,Dozer_1,Engine,Oil Pressure,53,309.44,36.44
28,2022-06-08T09:20:40Z,Dozer_1,Misc,Air Filter Pressure,26,301.03,28.03
45,2022-06-11T06:26:08Z,Articulated_Truck_1,Engine,Speed,1440,307.89,34.89
36,2022-06-07T10:24:30Z,Dozer_1,Fuel,Level,2,299.33,26.33
20,2022-05-02T14:34:40Z,Dozer_1,Fuel,Pressure,38,296.11,23.11
2,2022-06-03T05:13:41Z,Backhoe_Loader_1,Fuel,Level,1,303.43,30.43
4,2022-05-21T11:13:39Z,Articulated_Truck_1,Drive,Transmission Pressure,335,298.37,25.37
12,2022-05-16T12:24:13Z,Dozer_1,Fuel,Pressure,40,296.75,23.75
20,2022-05-12T09:48:46Z,Articulated_Truck_1,Drive,Brake Control,5,298.25,25.25
19,2022-05-20T13:06:28Z,Articulated_Truck_1,Fuel,Temparature,0,297,24
8,2022-06-26T11:53:34Z,Backhoe_Loader_1,Fuel,Pressure,59,299.83,26.83
45,2022-05-19T02:10:45Z,Backhoe_Loader_1,Drive,Transmission Pressure,412,308.68,35.68
25,2022-05-04T18:38:30Z,Dozer_1,Engine,Oil Pressure,45,296.19,23.19
22,2022-05-07T11:39:05Z,Excavator_1,Drive,Pedal Sensor,4.82,298.75,25.75
20,2022-06-02T11:23:52Z,Backhoe_Loader_1,Engine,Oil Pressure,41,298.56,25.56
4,2022-06-11T14:27:32Z,Excavator_1,Engine,Temparature,104,299.07,26.07
18,2022-06-17T10:14:19Z,Dozer_1,Misc,Exhaust Gas Temparature,202,302.87,29.87
1,2022-05-05T13:42:55Z,Excavator_1,Engine,Speed,1755,295.5,22.5
42,2022-05-29T01:20:19Z,Dozer_1,Engine,Oil Pressure,39,307.44,34.44
23,2022-06-16T13:19:07Z,Articulated_Truck_1,Fuel,Temparature,0,298.76,25.76
25,2022-05-20T16:53:50Z,Backhoe_Loader_1,Fuel,Water in Fuel,283,297.36,24.36
11,2022-06-16T21:07:33Z,Backhoe_Loader_1,Misc,Hydraulic Pump Rate,88,303.32,30.32
49,2022-06-19T15:31:30Z,Excavator_1,Fuel,Pressure,45,297.81,24.81
19,2022-05-02T02:13:44Z,Asphalt_Paver_1,Fuel,Temparature,395,302.45,29.45
8,2022-05-03T16:47:08Z,Asphalt_Paver_1,Engine,Speed,1391,296.36,23.36
17,2022-05-04T08:45:50Z,Asphalt_Paver_1,Engine,Oil Pressure,26,298.48,25.48
11,2022-05-04T17:43:01Z,Asphalt_Paver_1,Misc,Hydraulic Pump Rate,99,295.92,22.92
15,2022-05-04T19:25:14Z,Asphalt_Paver_1,Engine,Temparature,78,296.69,23.69
48,2022-05-05T04:11:17Z,Asphalt_Paver_1,Fuel,Temparature,372,302.36,29.36
37,2022-05-05T07:38:09Z,Asphalt_Paver_1,Misc,System Voltage,13.98,299.31,26.31
44,2022-05-05T10:47:46Z,Asphalt_Paver_1,Engine,Oil Pressure,59,296.09,23.09
1,2022-05-06T02:09:45Z,Asphalt_Paver_1,Drive,Brake Control,10,302.13,29.13
12,2022-05-06T03:01:06Z,Asphalt_Paver_1,Drive,Pedal Sensor,4.77,300.39,27.39
15,2022-05-06T10:05:16Z,Asphalt_Paver_1,Misc,Hydraulic Pump Rate,88,293.1,20.1
45,2022-05-06T13:34:08Z,Asphalt_Paver_1,Engine,Speed,1362,290.29,17.29
31,2022-05-07T08:23:17Z,Asphalt_Paver_1,Misc,Hydraulic Pump Rate,117,301.66,28.66
4,2022-05-07T16:10:36Z,Asphalt_Paver_1,Drive,Transmission Pressure,259,296.03,23.03
27,2022-05-07T16:16:35Z,Asphalt_Paver_1,Fuel,Temparature,283,295.97,22.97
46,2022-05-07T18:40:29Z,Asphalt_Paver_1,Fuel,Water in Fuel,826,296.38,23.38
5,2022-05-08T03:05:07Z,Asphalt_Paver_1,Fuel,Water in Fuel,1413,308.01,35.01
23,2022-05-08T04:46:58Z,Asphalt_Paver_1,Fuel,Temparature,288,307.09,34.09
47,2022-05-08T05:37:47Z,Asphalt_Paver_1,Drive,Brake Control,2,305.56,32.56
24,2022-05-08T09:06:59Z,Asphalt_Paver_1,Drive,Pedal Sensor,4.95,300.8,27.8
7,2022-05-08T21:48:22Z,Asphalt_Paver_1,Fuel,Temparature,398,302.54,29.54
21,2022-05-09T01:16:11Z,Asphalt_Paver_1,Engine,Speed,1300,308.17,35.17
25,2022-05-09T05:26:50Z,Asphalt_Paver_1,Misc,System Voltage,14.79,305.76,32.76
47,2022-05-10T02:49:51Z,Asphalt_Paver_1,Misc,Hydraulic Pump Rate,117,307.12,34.12
48,2022-05-10T03:54:56Z,Asphalt_Paver_1,Misc,Air Filter Pressure,22,306.57,33.57
24,2022-05-10T20:00:10Z,Asphalt_Paver_1,Fuel,Pressure,37,298.51,25.51
31,2022-05-10T21:45:28Z,Asphalt_Paver_1,Fuel,Water in Fuel,924,300.65,27.65
12,2022-05-11T06:12:11Z,Asphalt_Paver_1,Engine,Speed,1424,302.78,29.78
16,2022-05-11T22:26:16Z,Asphalt_Paver_1,Engine,Speed,1554,302.68,29.68
19,2022-05-11T23:22:16Z,Asphalt_Paver_1,Engine,Speed,1481,304.28,31.28
9,2022-05-12T02:03:47Z,Asphalt_Paver_1,Drive,Brake Control,5,305.66,32.66
27,2022-05-12T08:53:43Z,Asphalt_Paver_1,Misc,Hydraulic Pump Rate,77,299.32,26.32
35,2022-05-12T15:23:18Z,Asphalt_Paver_1,Engine,Temparature,87,294.5,21.5
2,2022-05-13T00:30:54Z,Asphalt_Paver_1,Engine,Temparature,86,305.12,32.12
35,2022-05-14T05:52:16Z,Asphalt_Paver_1,Fuel,Water in Fuel,97,302.31,29.31
10,2022-05-14T06:37:02Z,Asphalt_Paver_1,Drive,Brake Control,7,301.46,28.46
37,2022-05-14T10:29:15Z,Asphalt_Paver_1,Fuel,Temparature,279,298.19,25.19
11,2022-05-14T11:35:47Z,Asphalt_Paver_1,Fuel,Temparature,272,,
25,2022-05-14T19:11:53Z,Asphalt_Paver_1,Fuel,Water in Fuel,416,,
34,2022-05-14T20:47:51Z,Asphalt_Paver_1,Misc,Exhaust Gas Temparature,200,,
13,2022-05-14T23:41:06Z,Asphalt_Paver_1,Engine,Temparature,87,,
8,2022-05-15T09:33:08Z,Asphalt_Paver_1,Fuel,Pressure,60,,
38,2022-05-15T10:30:42Z,Asphalt_Paver_1,Engine,Speed,1421,,
50,2022-05-15T19:24:52Z,Asphalt_Paver_1,Misc,Exhaust Gas Temparature,221,,
36,2022-05-15T21:26:43Z,Asphalt_Paver_1,Fuel,Level,2,,
7,2022-05-16T02:29:41Z,Asphalt_Paver_1,Misc,Hydraulic Pump Rate,113,,
30,2022-05-16T03:40:19Z,Asphalt_Paver_1,Misc,Exhaust Gas Temparature,282,,
40,2022-05-16T23:30:20Z,Asphalt_Paver_1,Drive,Transmission Pressure,384,,
5,2022-05-17T02:48:57Z,Asphalt_Paver_1,Engine,Speed,1538,,
42,2022-05-17T22:40:47Z,Asphalt_Paver_1,Engine,Oil Pressure,59,,
29,2022-05-18T02:55:12Z,Asphalt_Paver_1,Engine,Temparature,102,,
26,2022-05-18T05:19:47Z,Asphalt_Paver_1,Drive,Pedal Sensor,4.28,,
40,2022-05-18T09:59:27Z,Asphalt_Paver_1,Fuel,Level,2,,
9,2022-05-18T10:27:02Z,Asphalt_Paver_1,Misc,System Voltage,13.01,,
43,2022-05-18T13:23:17Z,Asphalt_Paver_1,Engine,Speed,1736,,
29,2022-05-18T19:22:43Z,Asphalt_Paver_1,Fuel,Water in Fuel,203,,
31,2022-05-18T19:57:01Z,Asphalt_Paver_1,Engine,Oil Pressure,40,,
1,2022-05-19T09:18:17Z,Asphalt_Paver_1,Misc,System Voltage,13.22,,
46,2022-05-19T12:38:46Z,Asphalt_Paver_1,Drive,Pedal Sensor,3.68,,
16,2022-05-19T14:42:25Z,Asphalt_Paver_1,Misc,Air Filter Pressure,27,,
28,2022-05-20T00:08:40Z,Asphalt_Paver_1,Fuel,Pressure,58,,
38,2022-05-20T04:26:18Z,Asphalt_Paver_1,Fuel,Pressure,45,,
25,2022-05-20T11:50:18Z,Asphalt_Paver_1,Drive,Transmission Pressure,378,,
8,2022-05-21T01:46:50Z,Asphalt_Paver_1,Misc,Air Filter Pressure,25,,
9,2022-05-21T05:34:03Z,Asphalt_Paver_1,Fuel,Water in Fuel,887,,
30,2022-05-21T13:33:32Z,Asphalt_Paver_1,Engine,Speed,1661,,
2,2022-05-21T16:35:51Z,Asphalt_Paver_1,Misc,Exhaust Gas Temparature,249,,
42,2022-05-21T22:25:01Z,Asphalt_Paver_1,Fuel,Water in Fuel,980,,
4,2022-05-22T05:58:24Z,Asphalt_Paver_1,Fuel,Pressure,45,,
29,2022-05-22T15:03:09Z,Asphalt_Paver_1,Drive,Brake Control,4,,
1,2022-05-23T00:40:36Z,Asphalt_Paver_1,Engine,Speed,1340,,
35,2022-05-23T06:49:18Z,Asphalt_Paver_1,Misc,Hydraulic Pump Rate,110,,
4,2022-05-23T06:55:54Z,Asphalt_Paver_1,Engine,Temparature,98,,
46,2022-05-23T19:54:28Z,Asphalt_Paver_1,Engine,Temparature,77,,
25,2022-05-23T22:25:14Z,Asphalt_Paver_1,Engine,Oil Pressure,46,,
18,2022-05-24T01:46:54Z,Asphalt_Paver_1,Drive,Brake Control,10,,
22,2022-05-24T08:19:49Z,Asphalt_Paver_1,Engine,Oil Pressure,32,,
45,2022-05-24T12:53:15Z,Asphalt_Paver_1,Misc,System Voltage,14.84,,
32,2022-05-24T14:22:12Z,Asphalt_Paver_1,Misc,Air Filter Pressure,33,,
48,2022-05-25T00:27:14Z,Asphalt_Paver_1,Drive,Brake Control,3,,
16,2022-05-25T06:27:45Z,Asphalt_Paver_1,Drive,Pedal Sensor,3.73,,
10,2022-05-25T07:56:46Z,Asphalt_Paver_1,Engine,Speed,1331,,
39,2022-05-25T14:34:41Z,Asphalt_Paver_1,Fuel,Water in Fuel,708,,
45,2022-05-25T23:33:08Z,Asphalt_Paver_1,Fuel,Pressure,58,,
41,2022-05-26T08:10:33Z,Asphalt_Paver_1,Fuel,Level,6,,
27,2022-05-26T10:14:42Z,Asphalt_Paver_1,Drive,Brake Control,4,,
23,2022-05-26T11:21:14Z,Asphalt_Paver_1,Drive,Transmission Pressure,427,,
37,2022-05-26T13:46:18Z,Asphalt_Paver_1,Engine,Temparature,101,,
22,2022-05-26T20:33:43Z,Asphalt_Paver_1,Misc,Exhaust Gas Temparature,243,,
33,2022-05-27T00:58:30Z,Asphalt_Paver_1,Misc,System Voltage,14.31,,
11,2022-05-27T06:51:44Z,Asphalt_Paver_1,Engine,Oil Pressure,56,,
18,2022-05-27T08:54:27Z,Asphalt_Paver_1,Engine,Temparature,90,,
50,2022-05-27T16:53:38Z,Asphalt_Paver_1,Fuel,Water in Fuel,622,,
39,2022-05-27T20:33:12Z,Asphalt_Paver_1,Drive,Pedal Sensor,4.63,,
38,2022-05-28T17:54:20Z,Asphalt_Paver_1,Drive,Brake Control,10,,
5,2022-05-28T20:01:11Z,Asphalt_Paver_1,Misc,System Voltage,15.42,,
33,2022-05-29T02:05:09Z,Asphalt_Paver_1,Engine,Oil Pressure,58,,
9,2022-05-30T00:47:39Z,Asphalt_Paver_1,Engine,Oil Pressure,61,,
30,2022-05-30T06:13:49Z,Asphalt_Paver_1,Fuel,Level,9,,
41,2022-05-30T10:10:00Z,Asphalt_Paver_1,Engine,Speed,1597,,
29,2022-05-30T10:18:49Z,Asphalt_Paver_1,Misc,System Voltage,15.84,,
20,2022-05-30T13:23:00Z,Asphalt_Paver_1,Drive,Brake Control,8,,
7,2022-05-30T13:25:59Z,Asphalt_Paver_1,Engine,Temparature,87,,
16,2022-05-30T18:37:35Z,Asphalt_Paver_1,Fuel,Pressure,56,,
20,2022-06-02T12:24:24Z,Asphalt_Paver_1,Misc,Air Filter Pressure,24,,
47,2022-06-02T12:46:49Z,Asphalt_Paver_1,Engine,Oil Pressure,35,,
2,2022-06-02T13:50:33Z,Asphalt_Paver_1,Fuel,Level,6,,
42,2022-06-02T16:47:26Z,Asphalt_Paver_1,Misc,Exhaust Gas Temparature,341,,
13,2022-06-03T00:22:59Z,Asphalt_Paver_1,Misc,System Voltage,13.01,,
6,2022-06-03T06:19:56Z,Asphalt_Paver_1,Engine,Oil Pressure,62,,
35,2022-06-03T11:08:54Z,Asphalt_Paver_1,Drive,Pedal Sensor,4.36,,
14,2022-06-03T12:54:34Z,Asphalt_Paver_1,Fuel,Level,4,,
32,2022-06-03T13:25:49Z,Asphalt_Paver_1,Engine,Speed,1726,,
43,2022-06-04T02:31:02Z,Asphalt_Paver_1,Misc,Hydraulic Pump Rate,100,,
28,2022-06-04T21:52:27Z,Asphalt_Paver_1,Engine,Oil Pressure,61,,
22,2022-06-05T08:51:53Z,Asphalt_Paver_1,Fuel,Level,7,,
26,2022-06-07T13:54:10Z,Asphalt_Paver_1,Engine,Temparature,75,,
17,2022-06-07T14:21:31Z,Asphalt_Paver_1,Drive,Brake Control,8,,
14,2022-06-07T14:42:16Z,Asphalt_Paver_1,Drive,Pedal Sensor,3.79,,
28,2022-06-07T15:25:41Z,Asphalt_Paver_1,Drive,Brake Control,3,,
49,2022-06-07T23:26:06Z,Asphalt_Paver_1,Misc,System Voltage,12.92,,
12,2022-06-08T09:05:27Z,Asphalt_Paver_1,Misc,Air Filter Pressure,34,,
20,2022-06-08T19:17:04Z,Asphalt_Paver_1,Fuel,Pressure,65,,
49,2022-06-08T22:13:29Z,Asphalt_Paver_1,Drive,Brake Control,5,,
17,2022-06-08T22:40:49Z,Asphalt_Paver_1,Fuel,Water in Fuel,539,,
39,2022-06-09T07:11:43Z,Asphalt_Paver_1,Engine,Oil Pressure,50,,
30,2022-06-09T15:42:25Z,Asphalt_Paver_1,Drive,Transmission Pressure,270,,
32,2022-06-09T16:00:08Z,Asphalt_Paver_1,Drive,Transmission Pressure,206,,
21,2022-06-10T07:46:38Z,Asphalt_Paver_1,Drive,Transmission Pressure,249,,
33,2022-06-10T11:21:26Z,Asphalt_Paver_1,Drive,Pedal Sensor,3.59,,
13,2022-06-10T12:18:52Z,Asphalt_Paver_1,Drive,Transmission Pressure,383,,
21,2022-06-10T12:26:28Z,Asphalt_Paver_1,Fuel,Water in Fuel,1161,,
48,2022-06-10T12:47:22Z,Asphalt_Paver_1,Engine,Temparature,77,,
50,2022-06-10T15:20:57Z,Asphalt_Paver_1,Engine,Oil Pressure,51,,
39,2022-06-10T21:18:32Z,Asphalt_Paver_1,Misc,Hydraulic Pump Rate,124,,
6,2022-06-10T21:54:26Z,Asphalt_Paver_1,Misc,Exhaust Gas Temparature,323,,
10,2022-06-10T22:31:11Z,Asphalt_Paver_1,Fuel,Level,6,,
12,2022-06-11T05:41:29Z,Asphalt_Paver_1,Fuel,Pressure,42,,
47,2022-06-11T17:11:40Z,Asphalt_Paver_1,Fuel,Level,4,,
26,2022-06-12T04:25:48Z,Asphalt_Paver_1,Misc,Exhaust Gas Temparature,259,,
41,2022-06-12T07:23:07Z,Asphalt_Paver_1,Drive,Transmission Pressure,226,,
24,2022-06-12T13:19:39Z,Asphalt_Paver_1,Engine,Temparature,105,,
34,2022-06-12T13:55:32Z,Asphalt_Paver_1,Engine,Speed,1709,,
23,2022-06-12T14:15:44Z,Asphalt_Paver_1,Misc,Hydraulic Pump Rate,88,,
43,2022-06-12T14:26:30Z,Asphalt_Paver_1,Drive,Transmission Pressure,293,,
1,2022-06-12T18:29:41Z,Asphalt_Paver_1,Fuel,Water in Fuel,1444,,
23,2022-06-13T01:00:57Z,Asphalt_Paver_1,Engine,Speed,1622,,
3,2022-06-13T10:39:44Z,Asphalt_Paver_1,Misc,Hydraulic Pump Rate,124,,
13,2022-06-13T14:28:05Z,Asphalt_Paver_1,Fuel,Water in Fuel,776,,
21,2022-06-14T03:43:47Z,Asphalt_Paver_1,Misc,System Voltage,13.11,,
17,2022-06-14T19:34:37Z,Asphalt_Paver_1,Misc,System Voltage,15.7,,
31,2022-06-15T05:05:30Z,Asphalt_Paver_1,Drive,Pedal Sensor,3.81,,
40,2022-06-15T18:26:13Z,Asphalt_Paver_1,Misc,Air Filter Pressure,23,,
49,2022-06-16T03:34:14Z,Asphalt_Paver_1,Engine,Speed,1484,,
14,2022-06-16T19:12:43Z,Asphalt_Paver_1,Engine,Oil Pressure,49,,
22,2022-06-17T05:41:51Z,Asphalt_Paver_1,Drive,Pedal Sensor,4.2,,
33,2022-06-17T21:33:42Z,Asphalt_Paver_1,Fuel,Temparature,398,,
34,2022-06-17T22:12:14Z,Asphalt_Paver_1,Fuel,Pressure,65,,
10,2022-06-18T21:12:12Z,Asphalt_Paver_1,Misc,Exhaust Gas Temparature,338,,
32,2022-06-18T21:14:46Z,Asphalt_Paver_1,Fuel,Level,2,,
20,2022-06-19T09:14:14Z,Asphalt_Paver_1,Engine,Oil Pressure,29,,
42,2022-06-19T14:49:37Z,Asphalt_Paver_1,Drive,Pedal Sensor,3.83,,
26,2022-06-19T16:20:55Z,Asphalt_Paver_1,Fuel,Level,10,,
3,2022-06-20T17:14:49Z,Asphalt_Paver_1,Engine,Oil Pressure,58,,
19,2022-06-20T18:03:11Z,Asphalt_Paver_1,Misc,Hydraulic Pump Rate,84,,
36,2022-06-20T19:53:54Z,Asphalt_Paver_1,Engine,Oil Pressure,34,,
27,2022-06-21T17:05:44Z,Asphalt_Paver_1,Engine,Speed,1594,,
19,2022-06-22T03:16:50Z,Asphalt_Paver_1,Drive,Brake Control,7,,
46,2022-06-22T05:57:27Z,Asphalt_Paver_1,Misc,Exhaust Gas Temparature,295,,
11,2022-06-22T09:19:59Z,Asphalt_Paver_1,Drive,Transmission Pressure,437,,
8,2022-06-22T10:24:37Z,Asphalt_Paver_1,Drive,Brake Control,10,,
34,2022-06-23T09:07:45Z,Asphalt_Paver_1,Drive,Transmission Pressure,387,,
41,2022-06-23T14:04:08Z,Asphalt_Paver_1,Misc,System Voltage,14.99,,
7,2022-06-23T22:04:30Z,Asphalt_Paver_1,Drive,Pedal Sensor,3.12,,
49,2022-06-24T06:33:28Z,Asphalt_Paver_1,Fuel,Pressure,61,,
37,2022-06-24T08:48:18Z,Asphalt_Paver_1,Drive,Brake Control,5,,
2,2022-06-24T19:49:46Z,Asphalt_Paver_1,Drive,Transmission Pressure,281,,
50,2022-06-24T22:02:12Z,Asphalt_Paver_1,Drive,Transmission Pressure,232,,
36,2022-06-25T03:09:34Z,Asphalt_Paver_1,Drive,Brake Control,2,,
15,2022-06-25T06:47:25Z,Asphalt_Paver_1,Drive,Transmission Pressure,306,,
44,2022-06-25T19:08:58Z,Asphalt_Paver_1,Drive,Pedal Sensor,4.61,,
15,2022-06-25T22:53:21Z,Asphalt_Paver_1,Fuel,Temparature,291,,
24,2022-06-26T09:29:43Z,Asphalt_Paver_1,Misc,Air Filter Pressure,32,,
3,2022-06-26T12:12:38Z,Asphalt_Paver_1,Drive,Pedal Sensor,3.06,,
45,2022-06-26T13:36:30Z,Asphalt_Paver_1,Drive,Transmission Pressure,303,,
44,2022-06-26T15:25:15Z,Asphalt_Paver_1,Misc,Air Filter Pressure,22,,
38,2022-06-27T02:53:27Z,Asphalt_Paver_1,Misc,Exhaust Gas Temparature,237,,
18,2022-06-27T08:56:16Z,Asphalt_Paver_1,Fuel,Level,6,,
3,2022-06-27T22:52:54Z,Asphalt_Paver_1,Fuel,Temparature,394,,
5,2022-06-27T23:12:14Z,Asphalt_Paver_1,Drive,Pedal Sensor,3.78,,
44,2022-06-28T02:12:26Z,Asphalt_Paver_1,Fuel,Temparature,383,,
6,2022-06-28T02:42:28Z,Asphalt_Paver_1,Fuel,Level,1,,
40,2022-06-28T18:02:23Z,Asphalt_Paver_1,Engine,Temparature,81,,
6,2022-06-28T18:25:33Z,Asphalt_Paver_1,Drive,Transmission Pressure,332,,
36,2022-06-29T00:33:59Z,Asphalt_Paver_1,Misc,Air Filter Pressure,20,,
18,2022-06-29T16:29:54Z,Asphalt_Paver_1,Misc,Exhaust Gas Temparature,263,,
43,2022-06-29T16:52:23Z,Asphalt_Paver_1,Fuel,Level,7,,
28,2022-06-29T20:00:46Z,Asphalt_Paver_1,Misc,Air Filter Pressure,23,,
4,2022-06-30T14:09:21Z,Asphalt_Paver_1,Misc,Air Filter Pressure,26,,
14,2022-06-30T14:47:40Z,Asphalt_Paver_1,Misc,Exhaust Gas Temparature,195,,
